category,subcategory,product_name,reference_date,vendor_group_name,price,,,,,,,,,,,,,
Baby,Formula,Enfagrow Baby Milk Formula 680g,2025-01-22 00:00:00,Aone Supermarkets,,,,,,,,,,,,,,
Baby,Formula,Enfagrow Baby Milk Formula 680g,2025-01-22 00:00:00,Channell Supermarkets,,,,,,,,,,,,,,
Baby,Formula,Enfagrow Baby Milk Formula 680g,2025-01-22 00:00:00,Cherish Supermarket,49.99,,,,,,,,,,,,,
Baby,Formula,Enfagrow Baby Milk Formula 680g,2025-01-22 00:00:00,Eddies Supermarket,54.5,,,,,,,,,,,,,
Baby,Formula,Enfagrow Baby Milk Formula 680g,2025-01-22 00:00:00,Fair Deals Supermarkets,,,,,,,,,,,,,,
Baby,Formula,Enfagrow Baby Milk Formula 680g,2025-01-22 00:00:00,Jordans Supermarkets,,,,,,,,,,,,,,
Baby,Formula,Enfagrow Baby Milk Formula 680g,2025-01-22 00:00:00,Lionel C Hill Supermarket,,,,,,,,,,,,,,
Baby,Formula,Enfagrow Baby Milk Formula 680g,2025-01-22 00:00:00,Massy Stores,,,,,,,,,,,,,,
Baby,Formula,Enfagrow Baby Milk Formula 680g,2025-01-22 00:00:00,People's Market,,,,,,,,,,,,,,
Baby,Formula,Enfagrow Baby Milk Formula 680g,2025-01-22 00:00:00,Popular Discount Supermarkets,41.85,,,,,,,,,,,,,
Baby,Formula,Enfagrow Baby Milk Formula 680g,2025-01-22 00:00:00,Price Lo,,,,,,,,,,,,,,
Baby,Formula,Enfagrow Baby Milk Formula 680g,2025-01-22 00:00:00,Roxy Supermarket,,,,,,,,,,,,,,
Baby,Formula,Enfagrow Baby Milk Formula 680g,2025-01-22 00:00:00,Savings Plus Supermarkets,,,,,,,,,,,,,,
Baby,Formula,Enfagrow Baby Milk Formula 680g,2025-01-22 00:00:00,Trimart Supermarkets,,,,,,,,,,,,,,
Baby,Formula,Enfamil Gentlease Baby Milk Formula 352g,2025-01-08 00:00:00,Aone Supermarkets,,,,,,,,,,,,,,
Baby,Formula,Enfamil Gentlease Baby Milk Formula 352g,2025-01-08 00:00:00,Channell Supermarkets,,,,,,,,,,,,,,
Baby,Formula,Enfamil Gentlease Baby Milk Formula 352g,2025-01-08 00:00:00,Cherish Supermarket,,,,,,,,,,,,,,
Baby,Formula,Enfamil Gentlease Baby Milk Formula 352g,2025-01-08 00:00:00,Eddies Supermarket,,,,,,,,,,,,,,
Baby,Formula,Enfamil Gentlease Baby Milk Formula 352g,2025-01-08 00:00:00,Fair Deals Supermarkets,,,,,,,,,,,,,,
Baby,Formula,Enfamil Gentlease Baby Milk Formula 352g,2025-01-08 00:00:00,Jordans Supermarkets,35.2,,,,,,,,,,,,,
Baby,Formula,Enfamil Gentlease Baby Milk Formula 352g,2025-01-08 00:00:00,Lionel C Hill Supermarket,,,,,,,,,,,,,,
Baby,Formula,Enfamil Gentlease Baby Milk Formula 352g,2025-01-08 00:00:00,Massy Stores,,,,,,,,,,,,,,
Baby,Formula,Enfamil Gentlease Baby Milk Formula 352g,2025-01-08 00:00:00,People's Market,,,,,,,,,,,,,,
Baby,Formula,Enfamil Gentlease Baby Milk Formula 352g,2025-01-08 00:00:00,Popular Discount Supermarkets,,,,,,,,,,,,,,
Baby,Formula,Enfamil Gentlease Baby Milk Formula 352g,2025-01-08 00:00:00,Price Lo,,,,,,,,,,,,,,
Baby,Formula,Enfamil Gentlease Baby Milk Formula 352g,2025-01-08 00:00:00,Roxy Supermarket,,,,,,,,,,,,,,
Baby,Formula,Enfamil Gentlease Baby Milk Formula 352g,2025-01-08 00:00:00,Savings Plus Supermarkets,,,,,,,,,,,,,,
Baby,Formula,Enfamil Gentlease Baby Milk Formula 352g,2025-01-08 00:00:00,Trimart Supermarkets,,,,,,,,,,,,,,
Baby,Formula,Enfamil Gentlease Baby Milk Formula 352g,2025-01-22 00:00:00,Aone Supermarkets,37.25,,,,,,,,,,,,,
Baby,Formula,Enfamil Gentlease Baby Milk Formula 352g,2025-01-22 00:00:00,Channell Supermarkets,,,,,,,,,,,,,,
Baby,Formula,Enfamil Gentlease Baby Milk Formula 352g,2025-01-22 00:00:00,Cherish Supermarket,35.99,,,,,,,,,,,,,
Baby,Formula,Enfamil Gentlease Baby Milk Formula 352g,2025-01-22 00:00:00,Eddies Supermarket,39.99,,,,,,,,,,,,,
Baby,Formula,Enfamil Gentlease Baby Milk Formula 352g,2025-01-22 00:00:00,Fair Deals Supermarkets,,,,,,,,,,,,,,
Baby,Formula,Enfamil Gentlease Baby Milk Formula 352g,2025-01-22 00:00:00,Jordans Supermarkets,,,,,,,,,,,,,,
Baby,Formula,Enfamil Gentlease Baby Milk Formula 352g,2025-01-22 00:00:00,Lionel C Hill Supermarket,37.85,,,,,,,,,,,,,
Baby,Formula,Enfamil Gentlease Baby Milk Formula 352g,2025-01-22 00:00:00,Massy Stores,36.09,,,,,,,,,,,,,
Baby,Formula,Enfamil Gentlease Baby Milk Formula 352g,2025-01-22 00:00:00,People's Market,39.5,,,,,,,,,,,,,
Baby,Formula,Enfamil Gentlease Baby Milk Formula 352g,2025-01-22 00:00:00,Popular Discount Supermarkets,35.49,,,,,,,,,,,,,
Baby,Formula,Enfamil Gentlease Baby Milk Formula 352g,2025-01-22 00:00:00,Price Lo,,,,,,,,,,,,,,
Baby,Formula,Enfamil Gentlease Baby Milk Formula 352g,2025-01-22 00:00:00,Roxy Supermarket,,,,,,,,,,,,,,
Baby,Formula,Enfamil Gentlease Baby Milk Formula 352g,2025-01-22 00:00:00,Savings Plus Supermarkets,,,,,,,,,,,,,,
Baby,Formula,Enfamil Gentlease Baby Milk Formula 352g,2025-01-22 00:00:00,Trimart Supermarkets,,,,,,,,,,,,,,
Baby,Formula,Enfamil Infant Formula 354g,2025-01-08 00:00:00,Aone Supermarkets,33.7,,,,,,,,,,,,,
Baby,Formula,Enfamil Infant Formula 354g,2025-01-08 00:00:00,Channell Supermarkets,,,,,,,,,,,,,,
Baby,Formula,Enfamil Infant Formula 354g,2025-01-08 00:00:00,Cherish Supermarket,,,,,,,,,,,,,,
Baby,Formula,Enfamil Infant Formula 354g,2025-01-08 00:00:00,Eddies Supermarket,,,,,,,,,,,,,,
Baby,Formula,Enfamil Infant Formula 354g,2025-01-08 00:00:00,Fair Deals Supermarkets,,,,,,,,,,,,,,
Baby,Formula,Enfamil Infant Formula 354g,2025-01-08 00:00:00,Jordans Supermarkets,,,,,,,,,,,,,,
Baby,Formula,Enfamil Infant Formula 354g,2025-01-08 00:00:00,Lionel C Hill Supermarket,26.65,,,,,,,,,,,,,
Baby,Formula,Enfamil Infant Formula 354g,2025-01-08 00:00:00,Massy Stores,,,,,,,,,,,,,,
Baby,Formula,Enfamil Infant Formula 354g,2025-01-08 00:00:00,People's Market,,,,,,,,,,,,,,
Baby,Formula,Enfamil Infant Formula 354g,2025-01-08 00:00:00,Popular Discount Supermarkets,,,,,,,,,,,,,,
Baby,Formula,Enfamil Infant Formula 354g,2025-01-08 00:00:00,Price Lo,,,,,,,,,,,,,,
Baby,Formula,Enfamil Infant Formula 354g,2025-01-08 00:00:00,Roxy Supermarket,,,,,,,,,,,,,,
Baby,Formula,Enfamil Infant Formula 354g,2025-01-08 00:00:00,Savings Plus Supermarkets,,,,,,,,,,,,,,
Baby,Formula,Enfamil Infant Formula 354g,2025-01-08 00:00:00,Trimart Supermarkets,,,,,,,,,,,,,,
Baby,Formula,Enfamil Infant Formula 354g,2025-01-22 00:00:00,Aone Supermarkets,,,,,,,,,,,,,,
Baby,Formula,Enfamil Infant Formula 354g,2025-01-22 00:00:00,Channell Supermarkets,,,,,,,,,,,,,,
Baby,Formula,Enfamil Infant Formula 354g,2025-01-22 00:00:00,Cherish Supermarket,30.99,,,,,,,,,,,,,
Baby,Formula,Enfamil Infant Formula 354g,2025-01-22 00:00:00,Eddies Supermarket,34.99,,,,,,,,,,,,,
Baby,Formula,Enfamil Infant Formula 354g,2025-01-22 00:00:00,Fair Deals Supermarkets,,,,,,,,,,,,,,
Baby,Formula,Enfamil Infant Formula 354g,2025-01-22 00:00:00,Jordans Supermarkets,30.75,,,,,,,,,,,,,
Baby,Formula,Enfamil Infant Formula 354g,2025-01-22 00:00:00,Lionel C Hill Supermarket,,,,,,,,,,,,,,
Baby,Formula,Enfamil Infant Formula 354g,2025-01-22 00:00:00,Massy Stores,31.55,,,,,,,,,,,,,
Baby,Formula,Enfamil Infant Formula 354g,2025-01-22 00:00:00,People's Market,,,,,,,,,,,,,,
Baby,Formula,Enfamil Infant Formula 354g,2025-01-22 00:00:00,Popular Discount Supermarkets,43.9,,,,,,,,,,,,,
Baby,Formula,Enfamil Infant Formula 354g,2025-01-22 00:00:00,Price Lo,,,,,,,,,,,,,,
Baby,Formula,Enfamil Infant Formula 354g,2025-01-22 00:00:00,Roxy Supermarket,,,,,,,,,,,,,,
Baby,Formula,Enfamil Infant Formula 354g,2025-01-22 00:00:00,Savings Plus Supermarkets,,,,,,,,,,,,,,
Baby,Formula,Enfamil Infant Formula 354g,2025-01-22 00:00:00,Trimart Supermarkets,,,,,,,,,,,,,,
Baby,Formula,Klim Milk Preblo 1+ 360g ,2025-01-22 00:00:00,Aone Supermarkets,11.95,,,,,,,,,,,,,
Baby,Formula,Klim Milk Preblo 1+ 360g ,2025-01-22 00:00:00,Channell Supermarkets,,,,,,,,,,,,,,
Baby,Formula,Klim Milk Preblo 1+ 360g ,2025-01-22 00:00:00,Cherish Supermarket,11.99,,,,,,,,,,,,,
Baby,Formula,Klim Milk Preblo 1+ 360g ,2025-01-22 00:00:00,Eddies Supermarket,12.99,,,,,,,,,,,,,
Baby,Formula,Klim Milk Preblo 1+ 360g ,2025-01-22 00:00:00,Fair Deals Supermarkets,12.95,,,,,,,,,,,,,
Baby,Formula,Klim Milk Preblo 1+ 360g ,2025-01-22 00:00:00,Jordans Supermarkets,11.65,,,,,,,,,,,,,
Baby,Formula,Klim Milk Preblo 1+ 360g ,2025-01-22 00:00:00,Lionel C Hill Supermarket,12.4,,,,,,,,,,,,,
Baby,Formula,Klim Milk Preblo 1+ 360g ,2025-01-22 00:00:00,Massy Stores,11.79,,,,,,,,,,,,,
Baby,Formula,Klim Milk Preblo 1+ 360g ,2025-01-22 00:00:00,People's Market,12.71,,,,,,,,,,,,,
Baby,Formula,Klim Milk Preblo 1+ 360g ,2025-01-22 00:00:00,Popular Discount Supermarkets,,,,,,,,,,,,,,
Baby,Formula,Klim Milk Preblo 1+ 360g ,2025-01-22 00:00:00,Price Lo,11.79,,,,,,,,,,,,,
Baby,Formula,Klim Milk Preblo 1+ 360g ,2025-01-22 00:00:00,Roxy Supermarket,12.4,,,,,,,,,,,,,
Baby,Formula,Klim Milk Preblo 1+ 360g ,2025-01-22 00:00:00,Savings Plus Supermarkets,,,,,,,,,,,,,,
Baby,Formula,Klim Milk Preblo 1+ 360g ,2025-01-22 00:00:00,Trimart Supermarkets,,,,,,,,,,,,,,
Baby,Formula,Klim Milk Preblo 1+ 800g ,2025-01-08 00:00:00,Aone Supermarkets,,,,,,,,,,,,,,
Baby,Formula,Klim Milk Preblo 1+ 800g ,2025-01-08 00:00:00,Channell Supermarkets,,,,,,,,,,,,,,
Baby,Formula,Klim Milk Preblo 1+ 800g ,2025-01-08 00:00:00,Cherish Supermarket,,,,,,,,,,,,,,
Baby,Formula,Klim Milk Preblo 1+ 800g ,2025-01-08 00:00:00,Eddies Supermarket,,,,,,,,,,,,,,
Baby,Formula,Klim Milk Preblo 1+ 800g ,2025-01-08 00:00:00,Fair Deals Supermarkets,,,,,,,,,,,,,,
Baby,Formula,Klim Milk Preblo 1+ 800g ,2025-01-08 00:00:00,Jordans Supermarkets,,,,,,,,,,,,,,
Baby,Formula,Klim Milk Preblo 1+ 800g ,2025-01-08 00:00:00,Lionel C Hill Supermarket,29.34,,,,,,,,,,,,,
Baby,Formula,Klim Milk Preblo 1+ 800g ,2025-01-08 00:00:00,Massy Stores,,,,,,,,,,,,,,
Baby,Formula,Klim Milk Preblo 1+ 800g ,2025-01-08 00:00:00,People's Market,28.15,,,,,,,,,,,,,
Baby,Formula,Klim Milk Preblo 1+ 800g ,2025-01-08 00:00:00,Popular Discount Supermarkets,25.99,,,,,,,,,,,,,
Baby,Formula,Klim Milk Preblo 1+ 800g ,2025-01-08 00:00:00,Price Lo,,,,,,,,,,,,,,
Baby,Formula,Klim Milk Preblo 1+ 800g ,2025-01-08 00:00:00,Roxy Supermarket,,,,,,,,,,,,,,
Baby,Formula,Klim Milk Preblo 1+ 800g ,2025-01-08 00:00:00,Savings Plus Supermarkets,,,,,,,,,,,,,,
Baby,Formula,Klim Milk Preblo 1+ 800g ,2025-01-08 00:00:00,Trimart Supermarkets,,,,,,,,,,,,,,
Baby,Formula,Klim Milk Preblo 1+ 800g ,2025-01-22 00:00:00,Aone Supermarkets,29.55,,,,,,,,,,,,,
Baby,Formula,Klim Milk Preblo 1+ 800g ,2025-01-22 00:00:00,Channell Supermarkets,,,,,,,,,,,,,,
Baby,Formula,Klim Milk Preblo 1+ 800g ,2025-01-22 00:00:00,Cherish Supermarket,26.99,,,,,,,,,,,,,
Baby,Formula,Klim Milk Preblo 1+ 800g ,2025-01-22 00:00:00,Eddies Supermarket,,,,,,,,,,,,,,
Baby,Formula,Klim Milk Preblo 1+ 800g ,2025-01-22 00:00:00,Fair Deals Supermarkets,,,,,,,,,,,,,,
Baby,Formula,Klim Milk Preblo 1+ 800g ,2025-01-22 00:00:00,Jordans Supermarkets,26.99,,,,,,,,,,,,,
Baby,Formula,Klim Milk Preblo 1+ 800g ,2025-01-22 00:00:00,Lionel C Hill Supermarket,,,,,,,,,,,,,,
Baby,Formula,Klim Milk Preblo 1+ 800g ,2025-01-22 00:00:00,Massy Stores,27.65,,,,,,,,,,,,,
Baby,Formula,Klim Milk Preblo 1+ 800g ,2025-01-22 00:00:00,People's Market,,,,,,,,,,,,,,
Baby,Formula,Klim Milk Preblo 1+ 800g ,2025-01-22 00:00:00,Popular Discount Supermarkets,,,,,,,,,,,,,,
Baby,Formula,Klim Milk Preblo 1+ 800g ,2025-01-22 00:00:00,Price Lo,25.99,,,,,,,,,,,,,
Baby,Formula,Klim Milk Preblo 1+ 800g ,2025-01-22 00:00:00,Roxy Supermarket,,,,,,,,,,,,,,
Baby,Formula,Klim Milk Preblo 1+ 800g ,2025-01-22 00:00:00,Savings Plus Supermarkets,,,,,,,,,,,,,,
Baby,Formula,Klim Milk Preblo 1+ 800g ,2025-01-22 00:00:00,Trimart Supermarkets,,,,,,,,,,,,,,
Baby,Formula,Nestle Lactogen 1 Infant Formula 400g,2025-01-08 00:00:00,Aone Supermarkets,,,,,,,,,,,,,,
Baby,Formula,Nestle Lactogen 1 Infant Formula 400g,2025-01-08 00:00:00,Channell Supermarkets,,,,,,,,,,,,,,
Baby,Formula,Nestle Lactogen 1 Infant Formula 400g,2025-01-08 00:00:00,Cherish Supermarket,,,,,,,,,,,,,,
Baby,Formula,Nestle Lactogen 1 Infant Formula 400g,2025-01-08 00:00:00,Eddies Supermarket,,,,,,,,,,,,,,
Baby,Formula,Nestle Lactogen 1 Infant Formula 400g,2025-01-08 00:00:00,Fair Deals Supermarkets,,,,,,,,,,,,,,
Baby,Formula,Nestle Lactogen 1 Infant Formula 400g,2025-01-08 00:00:00,Jordans Supermarkets,,,,,,,,,,,,,,
Baby,Formula,Nestle Lactogen 1 Infant Formula 400g,2025-01-08 00:00:00,Lionel C Hill Supermarket,19.35,,,,,,,,,,,,,
Baby,Formula,Nestle Lactogen 1 Infant Formula 400g,2025-01-08 00:00:00,Massy Stores,18.99,,,,,,,,,,,,,
Baby,Formula,Nestle Lactogen 1 Infant Formula 400g,2025-01-08 00:00:00,People's Market,20.23,,,,,,,,,,,,,
Baby,Formula,Nestle Lactogen 1 Infant Formula 400g,2025-01-08 00:00:00,Popular Discount Supermarkets,,,,,,,,,,,,,,
Baby,Formula,Nestle Lactogen 1 Infant Formula 400g,2025-01-08 00:00:00,Price Lo,,,,,,,,,,,,,,
Baby,Formula,Nestle Lactogen 1 Infant Formula 400g,2025-01-08 00:00:00,Roxy Supermarket,,,,,,,,,,,,,,
Baby,Formula,Nestle Lactogen 1 Infant Formula 400g,2025-01-08 00:00:00,Savings Plus Supermarkets,,,,,,,,,,,,,,
Baby,Formula,Nestle Lactogen 1 Infant Formula 400g,2025-01-08 00:00:00,Trimart Supermarkets,,,,,,,,,,,,,,
Baby,Formula,Nestle Lactogen 1 Infant Formula 400g,2025-01-22 00:00:00,Aone Supermarkets,,,,,,,,,,,,,,
Baby,Formula,Nestle Lactogen 1 Infant Formula 400g,2025-01-22 00:00:00,Channell Supermarkets,,,,,,,,,,,,,,
Baby,Formula,Nestle Lactogen 1 Infant Formula 400g,2025-01-22 00:00:00,Cherish Supermarket,18.99,,,,,,,,,,,,,
Baby,Formula,Nestle Lactogen 1 Infant Formula 400g,2025-01-22 00:00:00,Eddies Supermarket,,,,,,,,,,,,,,
Baby,Formula,Nestle Lactogen 1 Infant Formula 400g,2025-01-22 00:00:00,Fair Deals Supermarkets,,,,,,,,,,,,,,
Baby,Formula,Nestle Lactogen 1 Infant Formula 400g,2025-01-22 00:00:00,Jordans Supermarkets,,,,,,,,,,,,,,
Baby,Formula,Nestle Lactogen 1 Infant Formula 400g,2025-01-22 00:00:00,Lionel C Hill Supermarket,,,,,,,,,,,,,,
Baby,Formula,Nestle Lactogen 1 Infant Formula 400g,2025-01-22 00:00:00,Massy Stores,,,,,,,,,,,,,,
Baby,Formula,Nestle Lactogen 1 Infant Formula 400g,2025-01-22 00:00:00,People's Market,,,,,,,,,,,,,,
Baby,Formula,Nestle Lactogen 1 Infant Formula 400g,2025-01-22 00:00:00,Popular Discount Supermarkets,,,,,,,,,,,,,,
Baby,Formula,Nestle Lactogen 1 Infant Formula 400g,2025-01-22 00:00:00,Price Lo,,,,,,,,,,,,,,
Baby,Formula,Nestle Lactogen 1 Infant Formula 400g,2025-01-22 00:00:00,Roxy Supermarket,,,,,,,,,,,,,,
Baby,Formula,Nestle Lactogen 1 Infant Formula 400g,2025-01-22 00:00:00,Savings Plus Supermarkets,,,,,,,,,,,,,,
Baby,Formula,Nestle Lactogen 1 Infant Formula 400g,2025-01-22 00:00:00,Trimart Supermarkets,,,,,,,,,,,,,,
Baby,Formula,Nestle Lactogen 2 Infant Formula 400g,2025-01-08 00:00:00,Aone Supermarkets,,,,,,,,,,,,,,
Baby,Formula,Nestle Lactogen 2 Infant Formula 400g,2025-01-08 00:00:00,Channell Supermarkets,,,,,,,,,,,,,,
Baby,Formula,Nestle Lactogen 2 Infant Formula 400g,2025-01-08 00:00:00,Cherish Supermarket,,,,,,,,,,,,,,
Baby,Formula,Nestle Lactogen 2 Infant Formula 400g,2025-01-08 00:00:00,Eddies Supermarket,,,,,,,,,,,,,,
Baby,Formula,Nestle Lactogen 2 Infant Formula 400g,2025-01-08 00:00:00,Fair Deals Supermarkets,,,,,,,,,,,,,,
Baby,Formula,Nestle Lactogen 2 Infant Formula 400g,2025-01-08 00:00:00,Jordans Supermarkets,,,,,,,,,,,,,,
Baby,Formula,Nestle Lactogen 2 Infant Formula 400g,2025-01-08 00:00:00,Lionel C Hill Supermarket,31.48,,,,,,,,,,,,,
Baby,Formula,Nestle Lactogen 2 Infant Formula 400g,2025-01-08 00:00:00,Massy Stores,,,,,,,,,,,,,,
Baby,Formula,Nestle Lactogen 2 Infant Formula 400g,2025-01-08 00:00:00,People's Market,,,,,,,,,,,,,,
Baby,Formula,Nestle Lactogen 2 Infant Formula 400g,2025-01-08 00:00:00,Popular Discount Supermarkets,,,,,,,,,,,,,,
Baby,Formula,Nestle Lactogen 2 Infant Formula 400g,2025-01-08 00:00:00,Price Lo,,,,,,,,,,,,,,
Baby,Formula,Nestle Lactogen 2 Infant Formula 400g,2025-01-08 00:00:00,Roxy Supermarket,,,,,,,,,,,,,,
Baby,Formula,Nestle Lactogen 2 Infant Formula 400g,2025-01-08 00:00:00,Savings Plus Supermarkets,,,,,,,,,,,,,,
Baby,Formula,Nestle Lactogen 2 Infant Formula 400g,2025-01-08 00:00:00,Trimart Supermarkets,,,,,,,,,,,,,,
Baby,Formula,Nestle Lactogen 2 Infant Formula 400g,2025-01-22 00:00:00,Aone Supermarkets,,,,,,,,,,,,,,
Baby,Formula,Nestle Lactogen 2 Infant Formula 400g,2025-01-22 00:00:00,Channell Supermarkets,,,,,,,,,,,,,,
Baby,Formula,Nestle Lactogen 2 Infant Formula 400g,2025-01-22 00:00:00,Cherish Supermarket,20.99,,,,,,,,,,,,,
Baby,Formula,Nestle Lactogen 2 Infant Formula 400g,2025-01-22 00:00:00,Eddies Supermarket,,,,,,,,,,,,,,
Baby,Formula,Nestle Lactogen 2 Infant Formula 400g,2025-01-22 00:00:00,Fair Deals Supermarkets,,,,,,,,,,,,,,
Baby,Formula,Nestle Lactogen 2 Infant Formula 400g,2025-01-22 00:00:00,Jordans Supermarkets,,,,,,,,,,,,,,
Baby,Formula,Nestle Lactogen 2 Infant Formula 400g,2025-01-22 00:00:00,Lionel C Hill Supermarket,,,,,,,,,,,,,,
Baby,Formula,Nestle Lactogen 2 Infant Formula 400g,2025-01-22 00:00:00,Massy Stores,,,,,,,,,,,,,,
Baby,Formula,Nestle Lactogen 2 Infant Formula 400g,2025-01-22 00:00:00,People's Market,,,,,,,,,,,,,,
Baby,Formula,Nestle Lactogen 2 Infant Formula 400g,2025-01-22 00:00:00,Popular Discount Supermarkets,,,,,,,,,,,,,,
Baby,Formula,Nestle Lactogen 2 Infant Formula 400g,2025-01-22 00:00:00,Price Lo,,,,,,,,,,,,,,
Baby,Formula,Nestle Lactogen 2 Infant Formula 400g,2025-01-22 00:00:00,Roxy Supermarket,,,,,,,,,,,,,,
Baby,Formula,Nestle Lactogen 2 Infant Formula 400g,2025-01-22 00:00:00,Savings Plus Supermarkets,,,,,,,,,,,,,,
Baby,Formula,Nestle Lactogen 2 Infant Formula 400g,2025-01-22 00:00:00,Trimart Supermarkets,,,,,,,,,,,,,,
Baby,Formula,Nestle Lactogen 3 Infant Formula 350g,2025-01-08 00:00:00,Aone Supermarkets,,,,,,,,,,,,,,
Baby,Formula,Nestle Lactogen 3 Infant Formula 350g,2025-01-08 00:00:00,Channell Supermarkets,,,,,,,,,,,,,,
Baby,Formula,Nestle Lactogen 3 Infant Formula 350g,2025-01-08 00:00:00,Cherish Supermarket,,,,,,,,,,,,,,
Baby,Formula,Nestle Lactogen 3 Infant Formula 350g,2025-01-08 00:00:00,Eddies Supermarket,,,,,,,,,,,,,,
Baby,Formula,Nestle Lactogen 3 Infant Formula 350g,2025-01-08 00:00:00,Fair Deals Supermarkets,,,,,,,,,,,,,,
Baby,Formula,Nestle Lactogen 3 Infant Formula 350g,2025-01-08 00:00:00,Jordans Supermarkets,,,,,,,,,,,,,,
Baby,Formula,Nestle Lactogen 3 Infant Formula 350g,2025-01-08 00:00:00,Lionel C Hill Supermarket,,,,,,,,,,,,,,
Baby,Formula,Nestle Lactogen 3 Infant Formula 350g,2025-01-08 00:00:00,Massy Stores,16.99,,,,,,,,,,,,,
Baby,Formula,Nestle Lactogen 3 Infant Formula 350g,2025-01-08 00:00:00,People's Market,,,,,,,,,,,,,,
Baby,Formula,Nestle Lactogen 3 Infant Formula 350g,2025-01-08 00:00:00,Popular Discount Supermarkets,,,,,,,,,,,,,,
Baby,Formula,Nestle Lactogen 3 Infant Formula 350g,2025-01-08 00:00:00,Price Lo,16.69,,,,,,,,,,,,,
Baby,Formula,Nestle Lactogen 3 Infant Formula 350g,2025-01-08 00:00:00,Roxy Supermarket,,,,,,,,,,,,,,
Baby,Formula,Nestle Lactogen 3 Infant Formula 350g,2025-01-08 00:00:00,Savings Plus Supermarkets,,,,,,,,,,,,,,
Baby,Formula,Nestle Lactogen 3 Infant Formula 350g,2025-01-08 00:00:00,Trimart Supermarkets,,,,,,,,,,,,,,
Baby,Formula,Nestle Lactogen 3 Infant Formula 350g,2025-01-22 00:00:00,Aone Supermarkets,16.99,,,,,,,,,,,,,
Baby,Formula,Nestle Lactogen 3 Infant Formula 350g,2025-01-22 00:00:00,Channell Supermarkets,,,,,,,,,,,,,,
Baby,Formula,Nestle Lactogen 3 Infant Formula 350g,2025-01-22 00:00:00,Cherish Supermarket,,,,,,,,,,,,,,
Baby,Formula,Nestle Lactogen 3 Infant Formula 350g,2025-01-22 00:00:00,Eddies Supermarket,,,,,,,,,,,,,,
Baby,Formula,Nestle Lactogen 3 Infant Formula 350g,2025-01-22 00:00:00,Fair Deals Supermarkets,,,,,,,,,,,,,,
Baby,Formula,Nestle Lactogen 3 Infant Formula 350g,2025-01-22 00:00:00,Jordans Supermarkets,16.6,,,,,,,,,,,,,
Baby,Formula,Nestle Lactogen 3 Infant Formula 350g,2025-01-22 00:00:00,Lionel C Hill Supermarket,,,,,,,,,,,,,,
Baby,Formula,Nestle Lactogen 3 Infant Formula 350g,2025-01-22 00:00:00,Massy Stores,,,,,,,,,,,,,,
Baby,Formula,Nestle Lactogen 3 Infant Formula 350g,2025-01-22 00:00:00,People's Market,,,,,,,,,,,,,,
Baby,Formula,Nestle Lactogen 3 Infant Formula 350g,2025-01-22 00:00:00,Popular Discount Supermarkets,,,,,,,,,,,,,,
Baby,Formula,Nestle Lactogen 3 Infant Formula 350g,2025-01-22 00:00:00,Price Lo,,,,,,,,,,,,,,
Baby,Formula,Nestle Lactogen 3 Infant Formula 350g,2025-01-22 00:00:00,Roxy Supermarket,,,,,,,,,,,,,,
Baby,Formula,Nestle Lactogen 3 Infant Formula 350g,2025-01-22 00:00:00,Savings Plus Supermarkets,,,,,,,,,,,,,,
Baby,Formula,Nestle Lactogen 3 Infant Formula 350g,2025-01-22 00:00:00,Trimart Supermarkets,,,,,,,,,,,,,,
Baby,Formula,Nestle Lactogen Soy Infant Formula 728g,2025-01-22 00:00:00,Aone Supermarkets,,,,,,,,,,,,,,
Baby,Formula,Nestle Lactogen Soy Infant Formula 728g,2025-01-22 00:00:00,Channell Supermarkets,,,,,,,,,,,,,,
Baby,Formula,Nestle Lactogen Soy Infant Formula 728g,2025-01-22 00:00:00,Cherish Supermarket,46.99,,,,,,,,,,,,,
Baby,Formula,Nestle Lactogen Soy Infant Formula 728g,2025-01-22 00:00:00,Eddies Supermarket,,,,,,,,,,,,,,
Baby,Formula,Nestle Lactogen Soy Infant Formula 728g,2025-01-22 00:00:00,Fair Deals Supermarkets,,,,,,,,,,,,,,
Baby,Formula,Nestle Lactogen Soy Infant Formula 728g,2025-01-22 00:00:00,Jordans Supermarkets,,,,,,,,,,,,,,
Baby,Formula,Nestle Lactogen Soy Infant Formula 728g,2025-01-22 00:00:00,Lionel C Hill Supermarket,,,,,,,,,,,,,,
Baby,Formula,Nestle Lactogen Soy Infant Formula 728g,2025-01-22 00:00:00,Massy Stores,,,,,,,,,,,,,,
Baby,Formula,Nestle Lactogen Soy Infant Formula 728g,2025-01-22 00:00:00,People's Market,,,,,,,,,,,,,,
Baby,Formula,Nestle Lactogen Soy Infant Formula 728g,2025-01-22 00:00:00,Popular Discount Supermarkets,,,,,,,,,,,,,,
Baby,Formula,Nestle Lactogen Soy Infant Formula 728g,2025-01-22 00:00:00,Price Lo,,,,,,,,,,,,,,
Baby,Formula,Nestle Lactogen Soy Infant Formula 728g,2025-01-22 00:00:00,Roxy Supermarket,,,,,,,,,,,,,,
Baby,Formula,Nestle Lactogen Soy Infant Formula 728g,2025-01-22 00:00:00,Savings Plus Supermarkets,,,,,,,,,,,,,,
Baby,Formula,Nestle Lactogen Soy Infant Formula 728g,2025-01-22 00:00:00,Trimart Supermarkets,,,,,,,,,,,,,,
Baby,Formula,Similac Advance Complete Nutrition 352g,2025-01-08 00:00:00,Aone Supermarkets,,,,,,,,,,,,,,
Baby,Formula,Similac Advance Complete Nutrition 352g,2025-01-08 00:00:00,Channell Supermarkets,,,,,,,,,,,,,,
Baby,Formula,Similac Advance Complete Nutrition 352g,2025-01-08 00:00:00,Cherish Supermarket,,,,,,,,,,,,,,
Baby,Formula,Similac Advance Complete Nutrition 352g,2025-01-08 00:00:00,Eddies Supermarket,,,,,,,,,,,,,,
Baby,Formula,Similac Advance Complete Nutrition 352g,2025-01-08 00:00:00,Fair Deals Supermarkets,,,,,,,,,,,,,,
Baby,Formula,Similac Advance Complete Nutrition 352g,2025-01-08 00:00:00,Jordans Supermarkets,,,,,,,,,,,,,,
Baby,Formula,Similac Advance Complete Nutrition 352g,2025-01-08 00:00:00,Lionel C Hill Supermarket,27.94,,,,,,,,,,,,,
Baby,Formula,Similac Advance Complete Nutrition 352g,2025-01-08 00:00:00,Massy Stores,,,,,,,,,,,,,,
Baby,Formula,Similac Advance Complete Nutrition 352g,2025-01-08 00:00:00,People's Market,,,,,,,,,,,,,,
Baby,Formula,Similac Advance Complete Nutrition 352g,2025-01-08 00:00:00,Popular Discount Supermarkets,,,,,,,,,,,,,,
Baby,Formula,Similac Advance Complete Nutrition 352g,2025-01-08 00:00:00,Price Lo,,,,,,,,,,,,,,
Baby,Formula,Similac Advance Complete Nutrition 352g,2025-01-08 00:00:00,Roxy Supermarket,27.95,,,,,,,,,,,,,
Baby,Formula,Similac Advance Complete Nutrition 352g,2025-01-08 00:00:00,Savings Plus Supermarkets,,,,,,,,,,,,,,
Baby,Formula,Similac Advance Complete Nutrition 352g,2025-01-08 00:00:00,Trimart Supermarkets,,,,,,,,,,,,,,
Baby,Formula,Similac Advance Complete Nutrition 352g,2025-01-22 00:00:00,Aone Supermarkets,29.05,,,,,,,,,,,,,
Baby,Formula,Similac Advance Complete Nutrition 352g,2025-01-22 00:00:00,Channell Supermarkets,28.39,,,,,,,,,,,,,
Baby,Formula,Similac Advance Complete Nutrition 352g,2025-01-22 00:00:00,Cherish Supermarket,22.99,,,,,,,,,,,,,
Baby,Formula,Similac Advance Complete Nutrition 352g,2025-01-22 00:00:00,Eddies Supermarket,,,,,,,,,,,,,,
Baby,Formula,Similac Advance Complete Nutrition 352g,2025-01-22 00:00:00,Fair Deals Supermarkets,,,,,,,,,,,,,,
Baby,Formula,Similac Advance Complete Nutrition 352g,2025-01-22 00:00:00,Jordans Supermarkets,23.3,,,,,,,,,,,,,
Baby,Formula,Similac Advance Complete Nutrition 352g,2025-01-22 00:00:00,Lionel C Hill Supermarket,,,,,,,,,,,,,,
Baby,Formula,Similac Advance Complete Nutrition 352g,2025-01-22 00:00:00,Massy Stores,22.99,,,,,,,,,,,,,
Baby,Formula,Similac Advance Complete Nutrition 352g,2025-01-22 00:00:00,People's Market,29.22,,,,,,,,,,,,,
Baby,Formula,Similac Advance Complete Nutrition 352g,2025-01-22 00:00:00,Popular Discount Supermarkets,22.49,,,,,,,,,,,,,
Baby,Formula,Similac Advance Complete Nutrition 352g,2025-01-22 00:00:00,Price Lo,22.75,,,,,,,,,,,,,
Baby,Formula,Similac Advance Complete Nutrition 352g,2025-01-22 00:00:00,Roxy Supermarket,,,,,,,,,,,,,,
Baby,Formula,Similac Advance Complete Nutrition 352g,2025-01-22 00:00:00,Savings Plus Supermarkets,25.49,,,,,,,,,,,,,
Baby,Formula,Similac Advance Complete Nutrition 352g,2025-01-22 00:00:00,Trimart Supermarkets,28.39,,,,,,,,,,,,,
Baby,Formula,Similac Go & Grow 661g,2025-01-08 00:00:00,Aone Supermarkets,54.8,,,,,,,,,,,,,
Baby,Formula,Similac Go & Grow 661g,2025-01-08 00:00:00,Channell Supermarkets,,,,,,,,,,,,,,
Baby,Formula,Similac Go & Grow 661g,2025-01-08 00:00:00,Cherish Supermarket,,,,,,,,,,,,,,
Baby,Formula,Similac Go & Grow 661g,2025-01-08 00:00:00,Eddies Supermarket,,,,,,,,,,,,,,
Baby,Formula,Similac Go & Grow 661g,2025-01-08 00:00:00,Fair Deals Supermarkets,,,,,,,,,,,,,,
Baby,Formula,Similac Go & Grow 661g,2025-01-08 00:00:00,Jordans Supermarkets,45.45,,,,,,,,,,,,,
Baby,Formula,Similac Go & Grow 661g,2025-01-08 00:00:00,Lionel C Hill Supermarket,,,,,,,,,,,,,,
Baby,Formula,Similac Go & Grow 661g,2025-01-08 00:00:00,Massy Stores,,,,,,,,,,,,,,
Baby,Formula,Similac Go & Grow 661g,2025-01-08 00:00:00,People's Market,,,,,,,,,,,,,,
Baby,Formula,Similac Go & Grow 661g,2025-01-08 00:00:00,Popular Discount Supermarkets,,,,,,,,,,,,,,
Baby,Formula,Similac Go & Grow 661g,2025-01-08 00:00:00,Price Lo,,,,,,,,,,,,,,
Baby,Formula,Similac Go & Grow 661g,2025-01-08 00:00:00,Roxy Supermarket,,,,,,,,,,,,,,
Baby,Formula,Similac Go & Grow 661g,2025-01-08 00:00:00,Savings Plus Supermarkets,,,,,,,,,,,,,,
Baby,Formula,Similac Go & Grow 661g,2025-01-08 00:00:00,Trimart Supermarkets,,,,,,,,,,,,,,
Baby,Formula,Similac Go & Grow 661g,2025-01-22 00:00:00,Aone Supermarkets,,,,,,,,,,,,,,
Baby,Formula,Similac Go & Grow 661g,2025-01-22 00:00:00,Channell Supermarkets,,,,,,,,,,,,,,
Baby,Formula,Similac Go & Grow 661g,2025-01-22 00:00:00,Cherish Supermarket,35.99,,,,,,,,,,,,,
Baby,Formula,Similac Go & Grow 661g,2025-01-22 00:00:00,Eddies Supermarket,,,,,,,,,,,,,,
Baby,Formula,Similac Go & Grow 661g,2025-01-22 00:00:00,Fair Deals Supermarkets,,,,,,,,,,,,,,
Baby,Formula,Similac Go & Grow 661g,2025-01-22 00:00:00,Jordans Supermarkets,,,,,,,,,,,,,,
Baby,Formula,Similac Go & Grow 661g,2025-01-22 00:00:00,Lionel C Hill Supermarket,,,,,,,,,,,,,,
Baby,Formula,Similac Go & Grow 661g,2025-01-22 00:00:00,Massy Stores,43.99,,,,,,,,,,,,,
Baby,Formula,Similac Go & Grow 661g,2025-01-22 00:00:00,People's Market,,,,,,,,,,,,,,
Baby,Formula,Similac Go & Grow 661g,2025-01-22 00:00:00,Popular Discount Supermarkets,,,,,,,,,,,,,,
Baby,Formula,Similac Go & Grow 661g,2025-01-22 00:00:00,Price Lo,,,,,,,,,,,,,,
Baby,Formula,Similac Go & Grow 661g,2025-01-22 00:00:00,Roxy Supermarket,,,,,,,,,,,,,,
Baby,Formula,Similac Go & Grow 661g,2025-01-22 00:00:00,Savings Plus Supermarkets,,,,,,,,,,,,,,
Baby,Formula,Similac Go & Grow 661g,2025-01-22 00:00:00,Trimart Supermarkets,,,,,,,,,,,,,,
Baking & Bread,Biscuits,Wibisco Eclipse 1pk,2025-01-08 00:00:00,Aone Supermarkets,,,,,,,,,,,,,,
Baking & Bread,Biscuits,Wibisco Eclipse 1pk,2025-01-08 00:00:00,Channell Supermarkets,,,,,,,,,,,,,,
Baking & Bread,Biscuits,Wibisco Eclipse 1pk,2025-01-08 00:00:00,Cherish Supermarket,,,,,,,,,,,,,,
Baking & Bread,Biscuits,Wibisco Eclipse 1pk,2025-01-08 00:00:00,Eddies Supermarket,,,,,,,,,,,,,,
Baking & Bread,Biscuits,Wibisco Eclipse 1pk,2025-01-08 00:00:00,Fair Deals Supermarkets,,,,,,,,,,,,,,
Baking & Bread,Biscuits,Wibisco Eclipse 1pk,2025-01-08 00:00:00,Jordans Supermarkets,,,,,,,,,,,,,,
Baking & Bread,Biscuits,Wibisco Eclipse 1pk,2025-01-08 00:00:00,Lionel C Hill Supermarket,,,,,,,,,,,,,,
Baking & Bread,Biscuits,Wibisco Eclipse 1pk,2025-01-08 00:00:00,Massy Stores,,,,,,,,,,,,,,
Baking & Bread,Biscuits,Wibisco Eclipse 1pk,2025-01-08 00:00:00,People's Market,2.33,,,,,,,,,,,,,
Baking & Bread,Biscuits,Wibisco Eclipse 1pk,2025-01-08 00:00:00,Popular Discount Supermarkets,,,,,,,,,,,,,,
Baking & Bread,Biscuits,Wibisco Eclipse 1pk,2025-01-08 00:00:00,Price Lo,,,,,,,,,,,,,,
Baking & Bread,Biscuits,Wibisco Eclipse 1pk,2025-01-08 00:00:00,Roxy Supermarket,,,,,,,,,,,,,,
Baking & Bread,Biscuits,Wibisco Eclipse 1pk,2025-01-08 00:00:00,Savings Plus Supermarkets,,,,,,,,,,,,,,
Baking & Bread,Biscuits,Wibisco Eclipse 1pk,2025-01-08 00:00:00,Trimart Supermarkets,,,,,,,,,,,,,,
Baking & Bread,Biscuits,Wibisco Eclipse 1pk,2025-01-22 00:00:00,Aone Supermarkets,2.25,,,,,,,,,,,,,
Baking & Bread,Biscuits,Wibisco Eclipse 1pk,2025-01-22 00:00:00,Channell Supermarkets,2.25,,,,,,,,,,,,,
Baking & Bread,Biscuits,Wibisco Eclipse 1pk,2025-01-22 00:00:00,Cherish Supermarket,2.09,,,,,,,,,,,,,
Baking & Bread,Biscuits,Wibisco Eclipse 1pk,2025-01-22 00:00:00,Eddies Supermarket,2.25,,,,,,,,,,,,,
Baking & Bread,Biscuits,Wibisco Eclipse 1pk,2025-01-22 00:00:00,Fair Deals Supermarkets,2.25,,,,,,,,,,,,,
Baking & Bread,Biscuits,Wibisco Eclipse 1pk,2025-01-22 00:00:00,Jordans Supermarkets,2.25,,,,,,,,,,,,,
Baking & Bread,Biscuits,Wibisco Eclipse 1pk,2025-01-22 00:00:00,Lionel C Hill Supermarket,2.25,,,,,,,,,,,,,
Baking & Bread,Biscuits,Wibisco Eclipse 1pk,2025-01-22 00:00:00,Massy Stores,2.35,,,,,,,,,,,,,
Baking & Bread,Biscuits,Wibisco Eclipse 1pk,2025-01-22 00:00:00,People's Market,,,,,,,,,,,,,,
Baking & Bread,Biscuits,Wibisco Eclipse 1pk,2025-01-22 00:00:00,Popular Discount Supermarkets,1.99,,,,,,,,,,,,,
Baking & Bread,Biscuits,Wibisco Eclipse 1pk,2025-01-22 00:00:00,Price Lo,1.99,,,,,,,,,,,,,
Baking & Bread,Biscuits,Wibisco Eclipse 1pk,2025-01-22 00:00:00,Roxy Supermarket,2.25,,,,,,,,,,,,,
Baking & Bread,Biscuits,Wibisco Eclipse 1pk,2025-01-22 00:00:00,Savings Plus Supermarkets,2.35,,,,,,,,,,,,,
Baking & Bread,Biscuits,Wibisco Eclipse 1pk,2025-01-22 00:00:00,Trimart Supermarkets,2.25,,,,,,,,,,,,,
Baking & Bread,Biscuits,Wibisco Eclipse 6pk,2025-01-22 00:00:00,Aone Supermarkets,13.45,,,,,,,,,,,,,
Baking & Bread,Biscuits,Wibisco Eclipse 6pk,2025-01-22 00:00:00,Channell Supermarkets,13.45,,,,,,,,,,,,,
Baking & Bread,Biscuits,Wibisco Eclipse 6pk,2025-01-22 00:00:00,Cherish Supermarket,11.39,,,,,,,,,,,,,
Baking & Bread,Biscuits,Wibisco Eclipse 6pk,2025-01-22 00:00:00,Eddies Supermarket,13.45,,,,,,,,,,,,,
Baking & Bread,Biscuits,Wibisco Eclipse 6pk,2025-01-22 00:00:00,Fair Deals Supermarkets,13.45,,,,,,,,,,,,,
Baking & Bread,Biscuits,Wibisco Eclipse 6pk,2025-01-22 00:00:00,Jordans Supermarkets,13.45,,,,,,,,,,,,,
Baking & Bread,Biscuits,Wibisco Eclipse 6pk,2025-01-22 00:00:00,Lionel C Hill Supermarket,13.45,,,,,,,,,,,,,
Baking & Bread,Biscuits,Wibisco Eclipse 6pk,2025-01-22 00:00:00,Massy Stores,11.69,,,,,,,,,,,,,
Baking & Bread,Biscuits,Wibisco Eclipse 6pk,2025-01-22 00:00:00,People's Market,14.01,,,,,,,,,,,,,
Baking & Bread,Biscuits,Wibisco Eclipse 6pk,2025-01-22 00:00:00,Popular Discount Supermarkets,10.9,,,,,,,,,,,,,
Baking & Bread,Biscuits,Wibisco Eclipse 6pk,2025-01-22 00:00:00,Price Lo,10.99,,,,,,,,,,,,,
Baking & Bread,Biscuits,Wibisco Eclipse 6pk,2025-01-22 00:00:00,Roxy Supermarket,13.4,,,,,,,,,,,,,
Baking & Bread,Biscuits,Wibisco Eclipse 6pk,2025-01-22 00:00:00,Savings Plus Supermarkets,13.45,,,,,,,,,,,,,
Baking & Bread,Biscuits,Wibisco Eclipse 6pk,2025-01-22 00:00:00,Trimart Supermarkets,13.45,,,,,,,,,,,,,
Baking & Bread,Biscuits,Wibisco Eclipse Whole Wheat 1pk,2025-01-08 00:00:00,Aone Supermarkets,,,,,,,,,,,,,,
Baking & Bread,Biscuits,Wibisco Eclipse Whole Wheat 1pk,2025-01-08 00:00:00,Channell Supermarkets,,,,,,,,,,,,,,
Baking & Bread,Biscuits,Wibisco Eclipse Whole Wheat 1pk,2025-01-08 00:00:00,Cherish Supermarket,,,,,,,,,,,,,,
Baking & Bread,Biscuits,Wibisco Eclipse Whole Wheat 1pk,2025-01-08 00:00:00,Eddies Supermarket,,,,,,,,,,,,,,
Baking & Bread,Biscuits,Wibisco Eclipse Whole Wheat 1pk,2025-01-08 00:00:00,Fair Deals Supermarkets,2.33,,,,,,,,,,,,,
Baking & Bread,Biscuits,Wibisco Eclipse Whole Wheat 1pk,2025-01-08 00:00:00,Jordans Supermarkets,,,,,,,,,,,,,,
Baking & Bread,Biscuits,Wibisco Eclipse Whole Wheat 1pk,2025-01-08 00:00:00,Lionel C Hill Supermarket,,,,,,,,,,,,,,
Baking & Bread,Biscuits,Wibisco Eclipse Whole Wheat 1pk,2025-01-08 00:00:00,Massy Stores,,,,,,,,,,,,,,
Baking & Bread,Biscuits,Wibisco Eclipse Whole Wheat 1pk,2025-01-08 00:00:00,People's Market,,,,,,,,,,,,,,
Baking & Bread,Biscuits,Wibisco Eclipse Whole Wheat 1pk,2025-01-08 00:00:00,Popular Discount Supermarkets,,,,,,,,,,,,,,
Baking & Bread,Biscuits,Wibisco Eclipse Whole Wheat 1pk,2025-01-08 00:00:00,Price Lo,,,,,,,,,,,,,,
Baking & Bread,Biscuits,Wibisco Eclipse Whole Wheat 1pk,2025-01-08 00:00:00,Roxy Supermarket,,,,,,,,,,,,,,
Baking & Bread,Biscuits,Wibisco Eclipse Whole Wheat 1pk,2025-01-08 00:00:00,Savings Plus Supermarkets,,,,,,,,,,,,,,
Baking & Bread,Biscuits,Wibisco Eclipse Whole Wheat 1pk,2025-01-22 00:00:00,Trimart Supermarkets,,,,,,,,,,,,,,
Baking & Bread,Biscuits,Wibisco Eclipse Whole Wheat 1pk,2025-01-22 00:00:00,Aone Supermarkets,2.4,,,,,,,,,,,,,
Baking & Bread,Biscuits,Wibisco Eclipse Whole Wheat 1pk,2025-01-22 00:00:00,Channell Supermarkets,2.4,,,,,,,,,,,,,
Baking & Bread,Biscuits,Wibisco Eclipse Whole Wheat 1pk,2025-01-22 00:00:00,Cherish Supermarket,2.39,,,,,,,,,,,,,
Baking & Bread,Biscuits,Wibisco Eclipse Whole Wheat 1pk,2025-01-22 00:00:00,Eddies Supermarket,2.4,,,,,,,,,,,,,
Baking & Bread,Biscuits,Wibisco Eclipse Whole Wheat 1pk,2025-01-22 00:00:00,Fair Deals Supermarkets,,,,,,,,,,,,,,
Baking & Bread,Biscuits,Wibisco Eclipse Whole Wheat 1pk,2025-01-22 00:00:00,Jordans Supermarkets,2.3,,,,,,,,,,,,,
Baking & Bread,Biscuits,Wibisco Eclipse Whole Wheat 1pk,2025-01-22 00:00:00,Lionel C Hill Supermarket,2.4,,,,,,,,,,,,,
Baking & Bread,Biscuits,Wibisco Eclipse Whole Wheat 1pk,2025-01-22 00:00:00,Massy Stores,2.49,,,,,,,,,,,,,
Baking & Bread,Biscuits,Wibisco Eclipse Whole Wheat 1pk,2025-01-22 00:00:00,People's Market,2.52,,,,,,,,,,,,,
Baking & Bread,Biscuits,Wibisco Eclipse Whole Wheat 1pk,2025-01-22 00:00:00,Popular Discount Supermarkets,2.3,,,,,,,,,,,,,
Baking & Bread,Biscuits,Wibisco Eclipse Whole Wheat 1pk,2025-01-22 00:00:00,Price Lo,2.49,,,,,,,,,,,,,
Baking & Bread,Biscuits,Wibisco Eclipse Whole Wheat 1pk,2025-01-22 00:00:00,Roxy Supermarket,2.5,,,,,,,,,,,,,
Baking & Bread,Biscuits,Wibisco Eclipse Whole Wheat 1pk,2025-01-22 00:00:00,Savings Plus Supermarkets,2.4,,,,,,,,,,,,,
Baking & Bread,Biscuits,Wibisco Eclipse Whole Wheat 1pk,2025-01-22 00:00:00,Trimart Supermarkets,2.4,,,,,,,,,,,,,
Baking & Bread,Biscuits,Wibisco Eclipse Whole Wheat 6pk,2025-01-08 00:00:00,Aone Supermarkets,,,,,,,,,,,,,,
Baking & Bread,Biscuits,Wibisco Eclipse Whole Wheat 6pk,2025-01-08 00:00:00,Channell Supermarkets,,,,,,,,,,,,,,
Baking & Bread,Biscuits,Wibisco Eclipse Whole Wheat 6pk,2025-01-08 00:00:00,Cherish Supermarket,,,,,,,,,,,,,,
Baking & Bread,Biscuits,Wibisco Eclipse Whole Wheat 6pk,2025-01-08 00:00:00,Eddies Supermarket,,,,,,,,,,,,,,
Baking & Bread,Biscuits,Wibisco Eclipse Whole Wheat 6pk,2025-01-08 00:00:00,Fair Deals Supermarkets,14.35,,,,,,,,,,,,,
Baking & Bread,Biscuits,Wibisco Eclipse Whole Wheat 6pk,2025-01-08 00:00:00,Jordans Supermarkets,,,,,,,,,,,,,,
Baking & Bread,Biscuits,Wibisco Eclipse Whole Wheat 6pk,2025-01-08 00:00:00,Lionel C Hill Supermarket,,,,,,,,,,,,,,
Baking & Bread,Biscuits,Wibisco Eclipse Whole Wheat 6pk,2025-01-08 00:00:00,Massy Stores,,,,,,,,,,,,,,
Baking & Bread,Biscuits,Wibisco Eclipse Whole Wheat 6pk,2025-01-08 00:00:00,People's Market,,,,,,,,,,,,,,
Baking & Bread,Biscuits,Wibisco Eclipse Whole Wheat 6pk,2025-01-08 00:00:00,Popular Discount Supermarkets,,,,,,,,,,,,,,
Baking & Bread,Biscuits,Wibisco Eclipse Whole Wheat 6pk,2025-01-08 00:00:00,Price Lo,,,,,,,,,,,,,,
Baking & Bread,Biscuits,Wibisco Eclipse Whole Wheat 6pk,2025-01-08 00:00:00,Roxy Supermarket,,,,,,,,,,,,,,
Baking & Bread,Biscuits,Wibisco Eclipse Whole Wheat 6pk,2025-01-08 00:00:00,Savings Plus Supermarkets,,,,,,,,,,,,,,
Baking & Bread,Biscuits,Wibisco Eclipse Whole Wheat 6pk,2025-01-08 00:00:00,Trimart Supermarkets,,,,,,,,,,,,,,
Baking & Bread,Biscuits,Wibisco Eclipse Whole Wheat 6pk,2025-01-22 00:00:00,Aone Supermarkets,14.35,,,,,,,,,,,,,
Baking & Bread,Biscuits,Wibisco Eclipse Whole Wheat 6pk,2025-01-22 00:00:00,Channell Supermarkets,14.35,,,,,,,,,,,,,
Baking & Bread,Biscuits,Wibisco Eclipse Whole Wheat 6pk,2025-01-22 00:00:00,Cherish Supermarket,12.69,,,,,,,,,,,,,
Baking & Bread,Biscuits,Wibisco Eclipse Whole Wheat 6pk,2025-01-22 00:00:00,Eddies Supermarket,14.25,,,,,,,,,,,,,
Baking & Bread,Biscuits,Wibisco Eclipse Whole Wheat 6pk,2025-01-22 00:00:00,Fair Deals Supermarkets,,,,,,,,,,,,,,
Baking & Bread,Biscuits,Wibisco Eclipse Whole Wheat 6pk,2025-01-22 00:00:00,Jordans Supermarkets,13.75,,,,,,,,,,,,,
Baking & Bread,Biscuits,Wibisco Eclipse Whole Wheat 6pk,2025-01-22 00:00:00,Lionel C Hill Supermarket,13.75,,,,,,,,,,,,,
Baking & Bread,Biscuits,Wibisco Eclipse Whole Wheat 6pk,2025-01-22 00:00:00,Massy Stores,14.59,,,,,,,,,,,,,
Baking & Bread,Biscuits,Wibisco Eclipse Whole Wheat 6pk,2025-01-22 00:00:00,People's Market,,,,,,,,,,,,,,
Baking & Bread,Biscuits,Wibisco Eclipse Whole Wheat 6pk,2025-01-22 00:00:00,Popular Discount Supermarkets,12.9,,,,,,,,,,,,,
Baking & Bread,Biscuits,Wibisco Eclipse Whole Wheat 6pk,2025-01-22 00:00:00,Price Lo,12.99,,,,,,,,,,,,,
Baking & Bread,Biscuits,Wibisco Eclipse Whole Wheat 6pk,2025-01-22 00:00:00,Roxy Supermarket,13.75,,,,,,,,,,,,,
Baking & Bread,Biscuits,Wibisco Eclipse Whole Wheat 6pk,2025-01-22 00:00:00,Savings Plus Supermarkets,14.35,,,,,,,,,,,,,
Baking & Bread,Biscuits,Wibisco Eclipse Whole Wheat 6pk,2025-01-22 00:00:00,Trimart Supermarkets,14.35,,,,,,,,,,,,,
Baking & Bread,Biscuits,Wibisco Sodabix 1pk,2025-01-22 00:00:00,Aone Supermarkets,2.25,,,,,,,,,,,,,
Baking & Bread,Biscuits,Wibisco Sodabix 1pk,2025-01-22 00:00:00,Channell Supermarkets,2.25,,,,,,,,,,,,,
Baking & Bread,Biscuits,Wibisco Sodabix 1pk,2025-01-22 00:00:00,Cherish Supermarket,2.09,,,,,,,,,,,,,
Baking & Bread,Biscuits,Wibisco Sodabix 1pk,2025-01-22 00:00:00,Eddies Supermarket,2.25,,,,,,,,,,,,,
Baking & Bread,Biscuits,Wibisco Sodabix 1pk,2025-01-22 00:00:00,Fair Deals Supermarkets,2.25,,,,,,,,,,,,,
Baking & Bread,Biscuits,Wibisco Sodabix 1pk,2025-01-22 00:00:00,Jordans Supermarkets,2.25,,,,,,,,,,,,,
Baking & Bread,Biscuits,Wibisco Sodabix 1pk,2025-01-22 00:00:00,Lionel C Hill Supermarket,2.25,,,,,,,,,,,,,
Baking & Bread,Biscuits,Wibisco Sodabix 1pk,2025-01-22 00:00:00,Massy Stores,2.35,,,,,,,,,,,,,
Baking & Bread,Biscuits,Wibisco Sodabix 1pk,2025-01-22 00:00:00,People's Market,2.32,,,,,,,,,,,,,
Baking & Bread,Biscuits,Wibisco Sodabix 1pk,2025-01-22 00:00:00,Popular Discount Supermarkets,1.88,,,,,,,,,,,,,
Baking & Bread,Biscuits,Wibisco Sodabix 1pk,2025-01-22 00:00:00,Price Lo,2.35,,,,,,,,,,,,,
Baking & Bread,Biscuits,Wibisco Sodabix 1pk,2025-01-22 00:00:00,Roxy Supermarket,2.25,,,,,,,,,,,,,
Baking & Bread,Biscuits,Wibisco Sodabix 1pk,2025-01-22 00:00:00,Savings Plus Supermarkets,2.35,,,,,,,,,,,,,
Baking & Bread,Biscuits,Wibisco Sodabix 1pk,2025-01-22 00:00:00,Trimart Supermarkets,2.25,,,,,,,,,,,,,
Baking & Bread,Biscuits,Wibisco Sodabix 6pk,2025-01-22 00:00:00,Aone Supermarkets,13.45,,,,,,,,,,,,,
Baking & Bread,Biscuits,Wibisco Sodabix 6pk,2025-01-22 00:00:00,Channell Supermarkets,13.45,,,,,,,,,,,,,
Baking & Bread,Biscuits,Wibisco Sodabix 6pk,2025-01-22 00:00:00,Cherish Supermarket,11.39,,,,,,,,,,,,,
Baking & Bread,Biscuits,Wibisco Sodabix 6pk,2025-01-22 00:00:00,Eddies Supermarket,13.45,,,,,,,,,,,,,
Baking & Bread,Biscuits,Wibisco Sodabix 6pk,2025-01-22 00:00:00,Fair Deals Supermarkets,13.45,,,,,,,,,,,,,
Baking & Bread,Biscuits,Wibisco Sodabix 6pk,2025-01-22 00:00:00,Jordans Supermarkets,13.45,,,,,,,,,,,,,
Baking & Bread,Biscuits,Wibisco Sodabix 6pk,2025-01-22 00:00:00,Lionel C Hill Supermarket,13.45,,,,,,,,,,,,,
Baking & Bread,Biscuits,Wibisco Sodabix 6pk,2025-01-22 00:00:00,Massy Stores,11.69,,,,,,,,,,,,,
Baking & Bread,Biscuits,Wibisco Sodabix 6pk,2025-01-22 00:00:00,People's Market,14.01,,,,,,,,,,,,,
Baking & Bread,Biscuits,Wibisco Sodabix 6pk,2025-01-22 00:00:00,Popular Discount Supermarkets,10.99,,,,,,,,,,,,,
Baking & Bread,Biscuits,Wibisco Sodabix 6pk,2025-01-22 00:00:00,Price Lo,10.99,,,,,,,,,,,,,
Baking & Bread,Biscuits,Wibisco Sodabix 6pk,2025-01-22 00:00:00,Roxy Supermarket,13.4,,,,,,,,,,,,,
Baking & Bread,Biscuits,Wibisco Sodabix 6pk,2025-01-22 00:00:00,Savings Plus Supermarkets,13.45,,,,,,,,,,,,,
Baking & Bread,Biscuits,Wibisco Sodabix 6pk,2025-01-22 00:00:00,Trimart Supermarkets,13.45,,,,,,,,,,,,,
Baking & Bread,Bread,Carter's Salt Bread 6pk,2025-01-08 00:00:00,Aone Supermarkets,,,,,,,,,,,,,,
Baking & Bread,Bread,Carter's Salt Bread 6pk,2025-01-08 00:00:00,Channell Supermarkets,,,,,,,,,,,,,,
Baking & Bread,Bread,Carter's Salt Bread 6pk,2025-01-08 00:00:00,Cherish Supermarket,,,,,,,,,,,,,,
Baking & Bread,Bread,Carter's Salt Bread 6pk,2025-01-08 00:00:00,Eddies Supermarket,,,,,,,,,,,,,,
Baking & Bread,Bread,Carter's Salt Bread 6pk,2025-01-08 00:00:00,Fair Deals Supermarkets,,,,,,,,,,,,,,
Baking & Bread,Bread,Carter's Salt Bread 6pk,2025-01-08 00:00:00,Jordans Supermarkets,,,,,,,,,,,,,,
Baking & Bread,Bread,Carter's Salt Bread 6pk,2025-01-08 00:00:00,Lionel C Hill Supermarket,,,,,,,,,,,,,,
Baking & Bread,Bread,Carter's Salt Bread 6pk,2025-01-08 00:00:00,Massy Stores,,,,,,,,,,,,,,
Baking & Bread,Bread,Carter's Salt Bread 6pk,2025-01-08 00:00:00,People's Market,4.5,,,,,,,,,,,,,
Baking & Bread,Bread,Carter's Salt Bread 6pk,2025-01-08 00:00:00,Popular Discount Supermarkets,,,,,,,,,,,,,,
Baking & Bread,Bread,Carter's Salt Bread 6pk,2025-01-08 00:00:00,Price Lo,,,,,,,,,,,,,,
Baking & Bread,Bread,Carter's Salt Bread 6pk,2025-01-08 00:00:00,Roxy Supermarket,,,,,,,,,,,,,,
Baking & Bread,Bread,Carter's Salt Bread 6pk,2025-01-08 00:00:00,Savings Plus Supermarkets,,,,,,,,,,,,,,
Baking & Bread,Bread,Carter's Salt Bread 6pk,2025-01-08 00:00:00,Trimart Supermarkets,,,,,,,,,,,,,,
Baking & Bread,Bread,Carter's Salt Bread 6pk,2025-01-22 00:00:00,Aone Supermarkets,,,,,,,,,,,,,,
Baking & Bread,Bread,Carter's Salt Bread 6pk,2025-01-22 00:00:00,Channell Supermarkets,4.5,,,,,,,,,,,,,
Baking & Bread,Bread,Carter's Salt Bread 6pk,2025-01-22 00:00:00,Cherish Supermarket,4.19,,,,,,,,,,,,,
Baking & Bread,Bread,Carter's Salt Bread 6pk,2025-01-22 00:00:00,Eddies Supermarket,3.99,,,,,,,,,,,,,
Baking & Bread,Bread,Carter's Salt Bread 6pk,2025-01-22 00:00:00,Fair Deals Supermarkets,,,,,,,,,,,,,,
Baking & Bread,Bread,Carter's Salt Bread 6pk,2025-01-22 00:00:00,Jordans Supermarkets,4.5,,,,,,,,,,,,,
Baking & Bread,Bread,Carter's Salt Bread 6pk,2025-01-22 00:00:00,Lionel C Hill Supermarket,,,,,,,,,,,,,,
Baking & Bread,Bread,Carter's Salt Bread 6pk,2025-01-22 00:00:00,Massy Stores,,,,,,,,,,,,,,
Baking & Bread,Bread,Carter's Salt Bread 6pk,2025-01-22 00:00:00,People's Market,,,,,,,,,,,,,,
Baking & Bread,Bread,Carter's Salt Bread 6pk,2025-01-22 00:00:00,Popular Discount Supermarkets,4.75,,,,,,,,,,,,,
Baking & Bread,Bread,Carter's Salt Bread 6pk,2025-01-22 00:00:00,Price Lo,4.75,,,,,,,,,,,,,
Baking & Bread,Bread,Carter's Salt Bread 6pk,2025-01-22 00:00:00,Roxy Supermarket,,,,,,,,,,,,,,
Baking & Bread,Bread,Carter's Salt Bread 6pk,2025-01-22 00:00:00,Savings Plus Supermarkets,4.5,,,,,,,,,,,,,
Baking & Bread,Bread,Carter's Salt Bread 6pk,2025-01-22 00:00:00,Trimart Supermarkets,,,,,,,,,,,,,,
Baking & Bread,Bread,Nicholl's Salt Bread 6pk,2025-01-22 00:00:00,Aone Supermarkets,4.3,,,,,,,,,,,,,
Baking & Bread,Bread,Nicholl's Salt Bread 6pk,2025-01-22 00:00:00,Channell Supermarkets,,,,,,,,,,,,,,
Baking & Bread,Bread,Nicholl's Salt Bread 6pk,2025-01-22 00:00:00,Cherish Supermarket,3.99,,,,,,,,,,,,,
Baking & Bread,Bread,Nicholl's Salt Bread 6pk,2025-01-22 00:00:00,Eddies Supermarket,,,,,,,,,,,,,,
Baking & Bread,Bread,Nicholl's Salt Bread 6pk,2025-01-22 00:00:00,Fair Deals Supermarkets,4.3,,,,,,,,,,,,,
Baking & Bread,Bread,Nicholl's Salt Bread 6pk,2025-01-22 00:00:00,Jordans Supermarkets,4.3,,,,,,,,,,,,,
Baking & Bread,Bread,Nicholl's Salt Bread 6pk,2025-01-22 00:00:00,Lionel C Hill Supermarket,,,,,,,,,,,,,,
Baking & Bread,Bread,Nicholl's Salt Bread 6pk,2025-01-22 00:00:00,Massy Stores,4.3,,,,,,,,,,,,,
Baking & Bread,Bread,Nicholl's Salt Bread 6pk,2025-01-22 00:00:00,People's Market,,,,,,,,,,,,,,
Baking & Bread,Bread,Nicholl's Salt Bread 6pk,2025-01-22 00:00:00,Popular Discount Supermarkets,4.28,,,,,,,,,,,,,
Baking & Bread,Bread,Nicholl's Salt Bread 6pk,2025-01-22 00:00:00,Price Lo,4.28,,,,,,,,,,,,,
Baking & Bread,Bread,Nicholl's Salt Bread 6pk,2025-01-22 00:00:00,Roxy Supermarket,,,,,,,,,,,,,,
Baking & Bread,Bread,Nicholl's Salt Bread 6pk,2025-01-22 00:00:00,Savings Plus Supermarkets,4.3,,,,,,,,,,,,,
Baking & Bread,Bread,Nicholl's Salt Bread 6pk,2025-01-22 00:00:00,Trimart Supermarkets,,,,,,,,,,,,,,
Baking & Bread,Bread,Phillips Salt Bread 6pk,2025-01-08 00:00:00,Aone Supermarkets,,,,,,,,,,,,,,
Baking & Bread,Bread,Phillips Salt Bread 6pk,2025-01-08 00:00:00,Channell Supermarkets,,,,,,,,,,,,,,
Baking & Bread,Bread,Phillips Salt Bread 6pk,2025-01-08 00:00:00,Cherish Supermarket,,,,,,,,,,,,,,
Baking & Bread,Bread,Phillips Salt Bread 6pk,2025-01-08 00:00:00,Eddies Supermarket,,,,,,,,,,,,,,
Baking & Bread,Bread,Phillips Salt Bread 6pk,2025-01-08 00:00:00,Fair Deals Supermarkets,,,,,,,,,,,,,,
Baking & Bread,Bread,Phillips Salt Bread 6pk,2025-01-08 00:00:00,Jordans Supermarkets,4.5,,,,,,,,,,,,,
Baking & Bread,Bread,Phillips Salt Bread 6pk,2025-01-08 00:00:00,Lionel C Hill Supermarket,,,,,,,,,,,,,,
Baking & Bread,Bread,Phillips Salt Bread 6pk,2025-01-08 00:00:00,Massy Stores,,,,,,,,,,,,,,
Baking & Bread,Bread,Phillips Salt Bread 6pk,2025-01-08 00:00:00,People's Market,,,,,,,,,,,,,,
Baking & Bread,Bread,Phillips Salt Bread 6pk,2025-01-08 00:00:00,Popular Discount Supermarkets,,,,,,,,,,,,,,
Baking & Bread,Bread,Phillips Salt Bread 6pk,2025-01-08 00:00:00,Price Lo,,,,,,,,,,,,,,
Baking & Bread,Bread,Phillips Salt Bread 6pk,2025-01-08 00:00:00,Roxy Supermarket,,,,,,,,,,,,,,
Baking & Bread,Bread,Phillips Salt Bread 6pk,2025-01-08 00:00:00,Savings Plus Supermarkets,,,,,,,,,,,,,,
Baking & Bread,Bread,Phillips Salt Bread 6pk,2025-01-08 00:00:00,Trimart Supermarkets,,,,,,,,,,,,,,
Baking & Bread,Bread,Phillips Salt Bread 6pk,2025-01-22 00:00:00,Aone Supermarkets,,,,,,,,,,,,,,
Baking & Bread,Bread,Phillips Salt Bread 6pk,2025-01-22 00:00:00,Channell Supermarkets,4.5,,,,,,,,,,,,,
Baking & Bread,Bread,Phillips Salt Bread 6pk,2025-01-22 00:00:00,Cherish Supermarket,4.5,,,,,,,,,,,,,
Baking & Bread,Bread,Phillips Salt Bread 6pk,2025-01-22 00:00:00,Eddies Supermarket,,,,,,,,,,,,,,
Baking & Bread,Bread,Phillips Salt Bread 6pk,2025-01-22 00:00:00,Fair Deals Supermarkets,,,,,,,,,,,,,,
Baking & Bread,Bread,Phillips Salt Bread 6pk,2025-01-22 00:00:00,Jordans Supermarkets,,,,,,,,,,,,,,
Baking & Bread,Bread,Phillips Salt Bread 6pk,2025-01-22 00:00:00,Lionel C Hill Supermarket,,,,,,,,,,,,,,
Baking & Bread,Bread,Phillips Salt Bread 6pk,2025-01-22 00:00:00,Massy Stores,,,,,,,,,,,,,,
Baking & Bread,Bread,Phillips Salt Bread 6pk,2025-01-22 00:00:00,People's Market,,,,,,,,,,,,,,
Baking & Bread,Bread,Phillips Salt Bread 6pk,2025-01-22 00:00:00,Popular Discount Supermarkets,,,,,,,,,,,,,,
Baking & Bread,Bread,Phillips Salt Bread 6pk,2025-01-22 00:00:00,Price Lo,,,,,,,,,,,,,,
Baking & Bread,Bread,Phillips Salt Bread 6pk,2025-01-22 00:00:00,Roxy Supermarket,,,,,,,,,,,,,,
Baking & Bread,Bread,Phillips Salt Bread 6pk,2025-01-22 00:00:00,Savings Plus Supermarkets,4.5,,,,,,,,,,,,,
Baking & Bread,Bread,Phillips Salt Bread 6pk,2025-01-22 00:00:00,Trimart Supermarkets,,,,,,,,,,,,,,
Baking & Bread,Bread,Purity Salt Bread 6pk,2025-01-08 00:00:00,Aone Supermarkets,,,,,,,,,,,,,,
Baking & Bread,Bread,Purity Salt Bread 6pk,2025-01-08 00:00:00,Channell Supermarkets,,,,,,,,,,,,,,
Baking & Bread,Bread,Purity Salt Bread 6pk,2025-01-08 00:00:00,Cherish Supermarket,,,,,,,,,,,,,,
Baking & Bread,Bread,Purity Salt Bread 6pk,2025-01-08 00:00:00,Eddies Supermarket,,,,,,,,,,,,,,
Baking & Bread,Bread,Purity Salt Bread 6pk,2025-01-08 00:00:00,Fair Deals Supermarkets,,,,,,,,,,,,,,
Baking & Bread,Bread,Purity Salt Bread 6pk,2025-01-08 00:00:00,Jordans Supermarkets,,,,,,,,,,,,,,
Baking & Bread,Bread,Purity Salt Bread 6pk,2025-01-08 00:00:00,Lionel C Hill Supermarket,4.25,,,,,,,,,,,,,
Baking & Bread,Bread,Purity Salt Bread 6pk,2025-01-08 00:00:00,Massy Stores,,,,,,,,,,,,,,
Baking & Bread,Bread,Purity Salt Bread 6pk,2025-01-08 00:00:00,People's Market,,,,,,,,,,,,,,
Baking & Bread,Bread,Purity Salt Bread 6pk,2025-01-08 00:00:00,Popular Discount Supermarkets,4.25,,,,,,,,,,,,,
Baking & Bread,Bread,Purity Salt Bread 6pk,2025-01-08 00:00:00,Price Lo,4.25,,,,,,,,,,,,,
Baking & Bread,Bread,Purity Salt Bread 6pk,2025-01-08 00:00:00,Roxy Supermarket,,,,,,,,,,,,,,
Baking & Bread,Bread,Purity Salt Bread 6pk,2025-01-08 00:00:00,Savings Plus Supermarkets,,,,,,,,,,,,,,
Baking & Bread,Bread,Purity Salt Bread 6pk,2025-01-08 00:00:00,Trimart Supermarkets,,,,,,,,,,,,,,
Baking & Bread,Bread,Purity Salt Bread 6pk,2025-01-22 00:00:00,Aone Supermarkets,4.25,,,,,,,,,,,,,
Baking & Bread,Bread,Purity Salt Bread 6pk,2025-01-22 00:00:00,Channell Supermarkets,4.25,,,,,,,,,,,,,
Baking & Bread,Bread,Purity Salt Bread 6pk,2025-01-22 00:00:00,Cherish Supermarket,4.19,,,,,,,,,,,,,
Baking & Bread,Bread,Purity Salt Bread 6pk,2025-01-22 00:00:00,Eddies Supermarket,4.25,,,,,,,,,,,,,
Baking & Bread,Bread,Purity Salt Bread 6pk,2025-01-22 00:00:00,Fair Deals Supermarkets,,,,,,,,,,,,,,
Baking & Bread,Bread,Purity Salt Bread 6pk,2025-01-22 00:00:00,Jordans Supermarkets,4.25,,,,,,,,,,,,,
Baking & Bread,Bread,Purity Salt Bread 6pk,2025-01-22 00:00:00,Lionel C Hill Supermarket,,,,,,,,,,,,,,
Baking & Bread,Bread,Purity Salt Bread 6pk,2025-01-22 00:00:00,Massy Stores,4.25,,,,,,,,,,,,,
Baking & Bread,Bread,Purity Salt Bread 6pk,2025-01-22 00:00:00,People's Market,4.25,,,,,,,,,,,,,
Baking & Bread,Bread,Purity Salt Bread 6pk,2025-01-22 00:00:00,Popular Discount Supermarkets,,,,,,,,,,,,,,
Baking & Bread,Bread,Purity Salt Bread 6pk,2025-01-22 00:00:00,Price Lo,,,,,,,,,,,,,,
Baking & Bread,Bread,Purity Salt Bread 6pk,2025-01-22 00:00:00,Roxy Supermarket,4.25,,,,,,,,,,,,,
Baking & Bread,Bread,Purity Salt Bread 6pk,2025-01-22 00:00:00,Savings Plus Supermarkets,4.25,,,,,,,,,,,,,
Baking & Bread,Bread,Purity Salt Bread 6pk,2025-01-22 00:00:00,Trimart Supermarkets,4.25,,,,,,,,,,,,,
Baking & Bread,Bread,Purity Sandwich White 500g,2025-01-08 00:00:00,Aone Supermarkets,,,,,,,,,,,,,,
Baking & Bread,Bread,Purity Sandwich White 500g,2025-01-08 00:00:00,Channell Supermarkets,,,,,,,,,,,,,,
Baking & Bread,Bread,Purity Sandwich White 500g,2025-01-08 00:00:00,Cherish Supermarket,,,,,,,,,,,,,,
Baking & Bread,Bread,Purity Sandwich White 500g,2025-01-08 00:00:00,Eddies Supermarket,,,,,,,,,,,,,,
Baking & Bread,Bread,Purity Sandwich White 500g,2025-01-08 00:00:00,Fair Deals Supermarkets,,,,,,,,,,,,,,
Baking & Bread,Bread,Purity Sandwich White 500g,2025-01-08 00:00:00,Jordans Supermarkets,,,,,,,,,,,,,,
Baking & Bread,Bread,Purity Sandwich White 500g,2025-01-08 00:00:00,Lionel C Hill Supermarket,,,,,,,,,,,,,,
Baking & Bread,Bread,Purity Sandwich White 500g,2025-01-08 00:00:00,Massy Stores,,,,,,,,,,,,,,
Baking & Bread,Bread,Purity Sandwich White 500g,2025-01-08 00:00:00,People's Market,,,,,,,,,,,,,,
Baking & Bread,Bread,Purity Sandwich White 500g,2025-01-08 00:00:00,Popular Discount Supermarkets,4.75,,,,,,,,,,,,,
Baking & Bread,Bread,Purity Sandwich White 500g,2025-01-08 00:00:00,Price Lo,4.75,,,,,,,,,,,,,
Baking & Bread,Bread,Purity Sandwich White 500g,2025-01-08 00:00:00,Roxy Supermarket,,,,,,,,,,,,,,
Baking & Bread,Bread,Purity Sandwich White 500g,2025-01-08 00:00:00,Savings Plus Supermarkets,,,,,,,,,,,,,,
Baking & Bread,Bread,Purity Sandwich White 500g,2025-01-08 00:00:00,Trimart Supermarkets,,,,,,,,,,,,,,
Baking & Bread,Bread,Purity Sandwich White 980g,2025-01-08 00:00:00,Aone Supermarkets,7.45,,,,,,,,,,,,,
Baking & Bread,Bread,Purity Sandwich White 980g,2025-01-08 00:00:00,Channell Supermarkets,,,,,,,,,,,,,,
Baking & Bread,Bread,Purity Sandwich White 980g,2025-01-08 00:00:00,Cherish Supermarket,,,,,,,,,,,,,,
Baking & Bread,Bread,Purity Sandwich White 980g,2025-01-08 00:00:00,Eddies Supermarket,,,,,,,,,,,,,,
Baking & Bread,Bread,Purity Sandwich White 980g,2025-01-08 00:00:00,Fair Deals Supermarkets,,,,,,,,,,,,,,
Baking & Bread,Bread,Purity Sandwich White 980g,2025-01-08 00:00:00,Jordans Supermarkets,7.45,,,,,,,,,,,,,
Baking & Bread,Bread,Purity Sandwich White 980g,2025-01-08 00:00:00,Lionel C Hill Supermarket,,,,,,,,,,,,,,
Baking & Bread,Bread,Purity Sandwich White 980g,2025-01-08 00:00:00,Massy Stores,,,,,,,,,,,,,,
Baking & Bread,Bread,Purity Sandwich White 980g,2025-01-08 00:00:00,People's Market,7.45,,,,,,,,,,,,,
Baking & Bread,Bread,Purity Sandwich White 980g,2025-01-08 00:00:00,Popular Discount Supermarkets,7.45,,,,,,,,,,,,,
Baking & Bread,Bread,Purity Sandwich White 980g,2025-01-08 00:00:00,Price Lo,7.45,,,,,,,,,,,,,
Baking & Bread,Bread,Purity Sandwich White 980g,2025-01-08 00:00:00,Roxy Supermarket,7.45,,,,,,,,,,,,,
Baking & Bread,Bread,Purity Sandwich White 980g,2025-01-08 00:00:00,Savings Plus Supermarkets,,,,,,,,,,,,,,
Baking & Bread,Bread,Purity Sandwich White 980g,2025-01-08 00:00:00,Trimart Supermarkets,,,,,,,,,,,,,,
Baking & Bread,Bread,Purity Sandwich White 980g,2025-01-22 00:00:00,Aone Supermarkets,,,,,,,,,,,,,,
Baking & Bread,Bread,Purity Sandwich White 980g,2025-01-22 00:00:00,Channell Supermarkets,7.45,,,,,,,,,,,,,
Baking & Bread,Bread,Purity Sandwich White 980g,2025-01-22 00:00:00,Cherish Supermarket,,,,,,,,,,,,,,
Baking & Bread,Bread,Purity Sandwich White 980g,2025-01-22 00:00:00,Eddies Supermarket,7.45,,,,,,,,,,,,,
Baking & Bread,Bread,Purity Sandwich White 980g,2025-01-22 00:00:00,Fair Deals Supermarkets,,,,,,,,,,,,,,
Baking & Bread,Bread,Purity Sandwich White 980g,2025-01-22 00:00:00,Jordans Supermarkets,,,,,,,,,,,,,,
Baking & Bread,Bread,Purity Sandwich White 980g,2025-01-22 00:00:00,Lionel C Hill Supermarket,7.45,,,,,,,,,,,,,
Baking & Bread,Bread,Purity Sandwich White 980g,2025-01-22 00:00:00,Massy Stores,7.45,,,,,,,,,,,,,
Baking & Bread,Bread,Purity Sandwich White 980g,2025-01-22 00:00:00,People's Market,,,,,,,,,,,,,,
Baking & Bread,Bread,Purity Sandwich White 980g,2025-01-22 00:00:00,Popular Discount Supermarkets,,,,,,,,,,,,,,
Baking & Bread,Bread,Purity Sandwich White 980g,2025-01-22 00:00:00,Price Lo,,,,,,,,,,,,,,
Baking & Bread,Bread,Purity Sandwich White 980g,2025-01-22 00:00:00,Roxy Supermarket,,,,,,,,,,,,,,
Baking & Bread,Bread,Purity Sandwich White 980g,2025-01-22 00:00:00,Savings Plus Supermarkets,7.45,,,,,,,,,,,,,
Baking & Bread,Bread,Purity Sandwich White 980g,2025-01-22 00:00:00,Trimart Supermarkets,,,,,,,,,,,,,,
,,,,,,,,,,,,,,,,,,
,,,,,,,,,,,,,,,,,,
,,,,,,,,,,,,,,,,,,
,,,,,,,,,,,,,,,,,,
,,,,,,,,,,,,,,,,,,
,,,,,,,,,,,,,,,,,,
,,,,,,,,,,,,,,,,,,
,,,,,,,,,,,,,,,,,,
,,,,,,,,,,,,,,,,,,
,,,,,,,,,,,,,,,,,,
,,,,,,,,,,,,,,,,,,
,,,,,,,,,,,,,,,,,,
,,,,,,,,,,,,,,,,,,
,,,,,,,,,,,,,,,,,,
,,,,,,,,,,,,,,,,,,
,,,,,,,,,,,,,,,,,,
,,,,,,,,,,,,,,,,,,
,,,,,,,,,,,,,,,,,,
,,,,,,,,,,,,,,,,,,
,,,,,,,,,,,,,,,,,,
,,,,,,,,,,,,,,,,,,
,,,,,,,,,,,,,,,,,,
,,,,,,,,,,,,,,,,,,
,,,,,,,,,,,,,,,,,,
,,,,,,,,,,,,,,,,,,
,,,,,,,,,,,,,,,,,,
,,,,,,,,,,,,,,,,,,
,,,,,,,,,,,,,,,,,,
,,,,,,,,,,,,,,,,,,
,,,,,,,,,,,,,,,,,,
,,,,,,,,,,,,,,,,,,
,,,,,,,,,,,,,,,,,,
,,,,,,,,,,,,,,,,,,
,,,,,,,,,,,,,,,,,,
,,,,,,,,,,,,,,,,,,
,,,,,,,,,,,,,,,,,,
,,,,,,,,,,,,,,,,,,
,,,,,,,,,,,,,,,,,,
,,,,,,,,,,,,,,,,,,
,,,,,,,,,,,,,,,,,,
,,,,,,,,,,,,,,,,,,
,,,,,,,,,,,,,,,,,,
,,,,,,,,,,,,,,,,,,
,,,,,,,,,,,,,,,,,,
,,,,,,,,,,,,,,,,,,
,,,,,,,,,,,,,,,,,,
,,,,,,,,,,,,,,,,,,
,,,,,,,,,,,,,,,,,,
,,,,,,,,,,,,,,,,,,
,,,,,,,,,,,,,,,,,,
,,,,,,,,,,,,,,,,,,
,,,,,,,,,,,,,,,,,,
,,,,,,,,,,,,,,,,,,
,,,,,,,,,,,,,,,,,,
,,,,,,,,,,,,,,,,,,
,,,,,,,,,,,,,,,,,,
,,,,,,,,,,,,,,,,,,
,,,,,,,,,,,,,,,,,,
,,,,,,,,,,,,,,,,,,
,,,,,,,,,,,,,,,,,,
,,,,,,,,,,,,,,,,,,
,,,,,,,,,,,,,,,,,,
,,,,,,,,,,,,,,,,,,
,,,,,,,,,,,,,,,,,,
,,,,,,,,,,,,,,,,,,
,,,,,,,,,,,,,,,,,,
,,,,,,,,,,,,,,,,,,
,,,,,,,,,,,,,,,,,,
,,,,,,,,,,,,,,,,,,
,,,,,,,,,,,,,,,,,,
,,,,,,,,,,,,,,,,,,
,,,,,,,,,,,,,,,,,,
,,,,,,,,,,,,,,,,,,
,,,,,,,,,,,,,,,,,,
,,,,,,,,,,,,,,,,,,
,,,,,,,,,,,,,,,,,,
,,,,,,,,,,,,,,,,,,
,,,,,,,,,,,,,,,,,,
,,,,,,,,,,,,,,,,,,
,,,,,,,,,,,,,,,,,,
,,,,,,,,,,,,,,,,,,
,,,,,,,,,,,,,,,,,,
,,,,,,,,,,,,,,,,,,
,,,,,,,,,,,,,,,,,,
,,,,,,,,,,,,,,,,,,
,,,,,,,,,,,,,,,,,,
,,,,,,,,,,,,,,,,,,
,,,,,,,,,,,,,,,,,,
,,,,,,,,,,,,,,,,,,
,,,,,,,,,,,,,,,,,,
,,,,,,,,,,,,,,,,,,
,,,,,,,,,,,,,,,,,,
,,,,,,,,,,,,,,,,,,
,,,,,,,,,,,,,,,,,,
,,,,,,,,,,,,,,,,,,
,,,,,,,,,,,,,,,,,,
,,,,,,,,,,,,,,,,,,
,,,,,,,,,,,,,,,,,,
,,,,,,,,,,,,,,,,,,
,,,,,,,,,,,,,,,,,,
,,,,,,,,,,,,,,,,,,
,,,,,,,,,,,,,,,,,,
,,,,,,,,,,,,,,,,,,
,,,,,,,,,,,,,,,,,,
,,,,,,,,,,,,,,,,,,
,,,,,,,,,,,,,,,,,,
,,,,,,,,,,,,,,,,,,
,,,,,,,,,,,,,,,,,,
,,,,,,,,,,,,,,,,,,
,,,,,,,,,,,,,,,,,,
,,,,,,,,,,,,,,,,,,
,,,,,,,,,,,,,,,,,,
,,,,,,,,,,,,,,,,,,
,,,,,,,,,,,,,,,,,,
,,,,,,,,,,,,,,,,,,
,,,,,,,,,,,,,,,,,,
,,,,,,,,,,,,,,,,,,
,,,,,,,,,,,,,,,,,,
,,,,,,,,,,,,,,,,,,
,,,,,,,,,,,,,,,,,,
,,,,,,,,,,,,,,,,,,
,,,,,,,,,,,,,,,,,,
,,,,,,,,,,,,,,,,,,
,,,,,,,,,,,,,,,,,,
,,,,,,,,,,,,,,,,,,
,,,,,,,,,,,,,,,,,,
,,,,,,,,,,,,,,,,,,
,,,,,,,,,,,,,,,,,,
,,,,,,,,,,,,,,,,,,
,,,,,,,,,,,,,,,,,,
,,,,,,,,,,,,,,,,,,
,,,,,,,,,,,,,,,,,,
,,,,,,,,,,,,,,,,,,
,,,,,,,,,,,,,,,,,,
,,,,,,,,,,,,,,,,,,
,,,,,,,,,,,,,,,,,,
,,,,,,,,,,,,,,,,,,
,,,,,,,,,,,,,,,,,,
,,,,,,,,,,,,,,,,,,
,,,,,,,,,,,,,,,,,,
,,,,,,,,,,,,,,,,,,
,,,,,,,,,,,,,,,,,,
,,,,,,,,,,,,,,,,,,
,,,,,,,,,,,,,,,,,,
,,,,,,,,,,,,,,,,,,
,,,,,,,,,,,,,,,,,,
,,,,,,,,,,,,,,,,,,
,,,,,,,,,,,,,,,,,,
,,,,,,,,,,,,,,,,,,
,,,,,,,,,,,,,,,,,,
,,,,,,,,,,,,,,,,,,
,,,,,,,,,,,,,,,,,,
,,,,,,,,,,,,,,,,,,
,,,,,,,,,,,,,,,,,,
,,,,,,,,,,,,,,,,,,
,,,,,,,,,,,,,,,,,,
,,,,,,,,,,,,,,,,,,
,,,,,,,,,,,,,,,,,,
,,,,,,,,,,,,,,,,,,
,,,,,,,,,,,,,,,,,,
,,,,,,,,,,,,,,,,,,
,,,,,,,,,,,,,,,,,,
,,,,,,,,,,,,,,,,,,
,,,,,,,,,,,,,,,,,,
,,,,,,,,,,,,,,,,,,
,,,,,,,,,,,,,,,,,,
,,,,,,,,,,,,,,,,,,
,,,,,,,,,,,,,,,,,,
,,,,,,,,,,,,,,,,,,
,,,,,,,,,,,,,,,,,,
,,,,,,,,,,,,,,,,,,
,,,,,,,,,,,,,,,,,,
,,,,,,,,,,,,,,,,,,
,,,,,,,,,,,,,,,,,,
,,,,,,,,,,,,,,,,,,
,,,,,,,,,,,,,,,,,,
,,,,,,,,,,,,,,,,,,
,,,,,,,,,,,,,,,,,,
,,,,,,,,,,,,,,,,,,
,,,,,,,,,,,,,,,,,,
,,,,,,,,,,,,,,,,,,
,,,,,,,,,,,,,,,,,,
,,,,,,,,,,,,,,,,,,
,,,,,,,,,,,,,,,,,,
,,,,,,,,,,,,,,,,,,
,,,,,,,,,,,,,,,,,,
,,,,,,,,,,,,,,,,,,
,,,,,,,,,,,,,,,,,,
,,,,,,,,,,,,,,,,,,
,,,,,,,,,,,,,,,,,,
,,,,,,,,,,,,,,,,,,
,,,,,,,,,,,,,,,,,,
,,,,,,,,,,,,,,,,,,
,,,,,,,,,,,,,,,,,,
,,,,,,,,,,,,,,,,,,
,,,,,,,,,,,,,,,,,,
,,,,,,,,,,,,,,,,,,
,,,,,,,,,,,,,,,,,,
,,,,,,,,,,,,,,,,,,
,,,,,,,,,,,,,,,,,,
,,,,,,,,,,,,,,,,,,
,,,,,,,,,,,,,,,,,,
,,,,,,,,,,,,,,,,,,
,,,,,,,,,,,,,,,,,,
,,,,,,,,,,,,,,,,,,
,,,,,,,,,,,,,,,,,,
,,,,,,,,,,,,,,,,,,
,,,,,,,,,,,,,,,,,,
,,,,,,,,,,,,,,,,,,
,,,,,,,,,,,,,,,,,,
,,,,,,,,,,,,,,,,,,
,,,,,,,,,,,,,,,,,,
,,,,,,,,,,,,,,,,,,
,,,,,,,,,,,,,,,,,,
,,,,,,,,,,,,,,,,,,
,,,,,,,,,,,,,,,,,,
,,,,,,,,,,,,,,,,,,
,,,,,,,,,,,,,,,,,,
,,,,,,,,,,,,,,,,,,
,,,,,,,,,,,,,,,,,,
,,,,,,,,,,,,,,,,,,
,,,,,,,,,,,,,,,,,,
,,,,,,,,,,,,,,,,,,
,,,,,,,,,,,,,,,,,,
,,,,,,,,,,,,,,,,,,
,,,,,,,,,,,,,,,,,,
,,,,,,,,,,,,,,,,,,
,,,,,,,,,,,,,,,,,,
,,,,,,,,,,,,,,,,,,
,,,,,,,,,,,,,,,,,,
,,,,,,,,,,,,,,,,,,
,,,,,,,,,,,,,,,,,,
,,,,,,,,,,,,,,,,,,
,,,,,,,,,,,,,,,,,,
,,,,,,,,,,,,,,,,,,
,,,,,,,,,,,,,,,,,,
,,,,,,,,,,,,,,,,,,
,,,,,,,,,,,,,,,,,,
,,,,,,,,,,,,,,,,,,
,,,,,,,,,,,,,,,,,,
,,,,,,,,,,,,,,,,,,
,,,,,,,,,,,,,,,,,,
,,,,,,,,,,,,,,,,,,
,,,,,,,,,,,,,,,,,,
,,,,,,,,,,,,,,,,,,
,,,,,,,,,,,,,,,,,,
,,,,,,,,,,,,,,,,,,
,,,,,,,,,,,,,,,,,,
,,,,,,,,,,,,,,,,,,
,,,,,,,,,,,,,,,,,,
,,,,,,,,,,,,,,,,,,
,,,,,,,,,,,,,,,,,,
,,,,,,,,,,,,,,,,,,
,,,,,,,,,,,,,,,,,,
,,,,,,,,,,,,,,,,,,
,,,,,,,,,,,,,,,,,,
,,,,,,,,,,,,,,,,,,
,,,,,,,,,,,,,,,,,,
,,,,,,,,,,,,,,,,,,
,,,,,,,,,,,,,,,,,,
,,,,,,,,,,,,,,,,,,
,,,,,,,,,,,,,,,,,,
,,,,,,,,,,,,,,,,,,
,,,,,,,,,,,,,,,,,,
,,,,,,,,,,,,,,,,,,
,,,,,,,,,,,,,,,,,,
,,,,,,,,,,,,,,,,,,
,,,,,,,,,,,,,,,,,,
,,,,,,,,,,,,,,,,,,
,,,,,,,,,,,,,,,,,,
,,,,,,,,,,,,,,,,,,
,,,,,,,,,,,,,,,,,,
,,,,,,,,,,,,,,,,,,
,,,,,,,,,,,,,,,,,,
,,,,,,,,,,,,,,,,,,
,,,,,,,,,,,,,,,,,,
,,,,,,,,,,,,,,,,,,
,,,,,,,,,,,,,,,,,,
,,,,,,,,,,,,,,,,,,
,,,,,,,,,,,,,,,,,,
,,,,,,,,,,,,,,,,,,
,,,,,,,,,,,,,,,,,,
,,,,,,,,,,,,,,,,,,
,,,,,,,,,,,,,,,,,,
,,,,,,,,,,,,,,,,,,
,,,,,,,,,,,,,,,,,,
,,,,,,,,,,,,,,,,,,
,,,,,,,,,,,,,,,,,,
,,,,,,,,,,,,,,,,,,
,,,,,,,,,,,,,,,,,,
,,,,,,,,,,,,,,,,,,
,,,,,,,,,,,,,,,,,,
,,,,,,,,,,,,,,,,,,
,,,,,,,,,,,,,,,,,,
,,,,,,,,,,,,,,,,,,
,,,,,,,,,,,,,,,,,,
,,,,,,,,,,,,,,,,,,
,,,,,,,,,,,,,,,,,,
,,,,,,,,,,,,,,,,,,
,,,,,,,,,,,,,,,,,,
,,,,,,,,,,,,,,,,,,
,,,,,,,,,,,,,,,,,,
,,,,,,,,,,,,,,,,,,
,,,,,,,,,,,,,,,,,,
,,,,,,,,,,,,,,,,,,
,,,,,,,,,,,,,,,,,,
,,,,,,,,,,,,,,,,,,
,,,,,,,,,,,,,,,,,,
,,,,,,,,,,,,,,,,,,
,,,,,,,,,,,,,,,,,,
,,,,,,,,,,,,,,,,,,
,,,,,,,,,,,,,,,,,,
,,,,,,,,,,,,,,,,,,
,,,,,,,,,,,,,,,,,,
,,,,,,,,,,,,,,,,,,
,,,,,,,,,,,,,,,,,,
,,,,,,,,,,,,,,,,,,
,,,,,,,,,,,,,,,,,,
,,,,,,,,,,,,,,,,,,
,,,,,,,,,,,,,,,,,,
,,,,,,,,,,,,,,,,,,
,,,,,,,,,,,,,,,,,,
,,,,,,,,,,,,,,,,,,
,,,,,,,,,,,,,,,,,,
,,,,,,,,,,,,,,,,,,
,,,,,,,,,,,,,,,,,,
,,,,,,,,,,,,,,,,,,
,,,,,,,,,,,,,,,,,,
,,,,,,,,,,,,,,,,,,
,,,,,,,,,,,,,,,,,,
,,,,,,,,,,,,,,,,,,
,,,,,,,,,,,,,,,,,,
,,,,,,,,,,,,,,,,,,
,,,,,,,,,,,,,,,,,,
,,,,,,,,,,,,,,,,,,
,,,,,,,,,,,,,,,,,,
,,,,,,,,,,,,,,,,,,
,,,,,,,,,,,,,,,,,,
,,,,,,,,,,,,,,,,,,
,,,,,,,,,,,,,,,,,,
,,,,,,,,,,,,,,,,,,
,,,,,,,,,,,,,,,,,,
,,,,,,,,,,,,,,,,,,
,,,,,,,,,,,,,,,,,,
,,,,,,,,,,,,,,,,,,
,,,,,,,,,,,,,,,,,,
,,,,,,,,,,,,,,,,,,
,,,,,,,,,,,,,,,,,,
,,,,,,,,,,,,,,,,,,
,,,,,,,,,,,,,,,,,,
,,,,,,,,,,,,,,,,,,
,,,,,,,,,,,,,,,,,,
,,,,,,,,,,,,,,,,,,
,,,,,,,,,,,,,,,,,,
,,,,,,,,,,,,,,,,,,
,,,,,,,,,,,,,,,,,,
,,,,,,,,,,,,,,,,,,
,,,,,,,,,,,,,,,,,,
,,,,,,,,,,,,,,,,,,
,,,,,,,,,,,,,,,,,,
,,,,,,,,,,,,,,,,,,
,,,,,,,,,,,,,,,,,,
,,,,,,,,,,,,,,,,,,
,,,,,,,,,,,,,,,,,,
,,,,,,,,,,,,,,,,,,
,,,,,,,,,,,,,,,,,,
,,,,,,,,,,,,,,,,,,
,,,,,,,,,,,,,,,,,,
,,,,,,,,,,,,,,,,,,
,,,,,,,,,,,,,,,,,,
,,,,,,,,,,,,,,,,,,
,,,,,,,,,,,,,,,,,,
,,,,,,,,,,,,,,,,,,
,,,,,,,,,,,,,,,,,,
,,,,,,,,,,,,,,,,,,
,,,,,,,,,,,,,,,,,,
,,,,,,,,,,,,,,,,,,
,,,,,,,,,,,,,,,,,,
,,,,,,,,,,,,,,,,,,
,,,,,,,,,,,,,,,,,,
,,,,,,,,,,,,,,,,,,
,,,,,,,,,,,,,,,,,,
,,,,,,,,,,,,,,,,,,
,,,,,,,,,,,,,,,,,,
,,,,,,,,,,,,,,,,,,
,,,,,,,,,,,,,,,,,,
,,,,,,,,,,,,,,,,,,
,,,,,,,,,,,,,,,,,,
,,,,,,,,,,,,,,,,,,
,,,,,,,,,,,,,,,,,,
,,,,,,,,,,,,,,,,,,
,,,,,,,,,,,,,,,,,,
,,,,,,,,,,,,,,,,,,
,,,,,,,,,,,,,,,,,,
,,,,,,,,,,,,,,,,,,
,,,,,,,,,,,,,,,,,,
,,,,,,,,,,,,,,,,,,
,,,,,,,,,,,,,,,,,,
,,,,,,,,,,,,,,,,,,
,,,,,,,,,,,,,,,,,,
,,,,,,,,,,,,,,,,,,
,,,,,,,,,,,,,,,,,,
,,,,,,,,,,,,,,,,,,
,,,,,,,,,,,,,,,,,,
,,,,,,,,,,,,,,,,,,
,,,,,,,,,,,,,,,,,,
,,,,,,,,,,,,,,,,,,
,,,,,,,,,,,,,,,,,,
,,,,,,,,,,,,,,,,,,
,,,,,,,,,,,,,,,,,,
,,,,,,,,,,,,,,,,,,
,,,,,,,,,,,,,,,,,,
,,,,,,,,,,,,,,,,,,
,,,,,,,,,,,,,,,,,,
,,,,,,,,,,,,,,,,,,
,,,,,,,,,,,,,,,,,,
,,,,,,,,,,,,,,,,,,
,,,,,,,,,,,,,,,,,,
,,,,,,,,,,,,,,,,,,
,,,,,,,,,,,,,,,,,,
,,,,,,,,,,,,,,,,,,
,,,,,,,,,,,,,,,,,,
,,,,,,,,,,,,,,,,,,
,,,,,,,,,,,,,,,,,,
,,,,,,,,,,,,,,,,,,
,,,,,,,,,,,,,,,,,,
,,,,,,,,,,,,,,,,,,
,,,,,,,,,,,,,,,,,,
,,,,,,,,,,,,,,,,,,
,,,,,,,,,,,,,,,,,,
,,,,,,,,,,,,,,,,,,
,,,,,,,,,,,,,,,,,,
,,,,,,,,,,,,,,,,,,
,,,,,,,,,,,,,,,,,,
,,,,,,,,,,,,,,,,,,
,,,,,,,,,,,,,,,,,,
,,,,,,,,,,,,,,,,,,
,,,,,,,,,,,,,,,,,,
,,,,,,,,,,,,,,,,,,
,,,,,,,,,,,,,,,,,,
,,,,,,,,,,,,,,,,,,
,,,,,,,,,,,,,,,,,,
,,,,,,,,,,,,,,,,,,
,,,,,,,,,,,,,,,,,,
,,,,,,,,,,,,,,,,,,
,,,,,,,,,,,,,,,,,,
,,,,,,,,,,,,,,,,,,
,,,,,,,,,,,,,,,,,,
,,,,,,,,,,,,,,,,,,
,,,,,,,,,,,,,,,,,,
,,,,,,,,,,,,,,,,,,
,,,,,,,,,,,,,,,,,,
,,,,,,,,,,,,,,,,,,
,,,,,,,,,,,,,,,,,,
,,,,,,,,,,,,,,,,,,
,,,,,,,,,,,,,,,,,,
,,,,,,,,,,,,,,,,,,
,,,,,,,,,,,,,,,,,,
,,,,,,,,,,,,,,,,,,
,,,,,,,,,,,,,,,,,,
,,,,,,,,,,,,,,,,,,
,,,,,,,,,,,,,,,,,,
,,,,,,,,,,,,,,,,,,
,,,,,,,,,,,,,,,,,,
,,,,,,,,,,,,,,,,,,
,,,,,,,,,,,,,,,,,,
,,,,,,,,,,,,,,,,,,
,,,,,,,,,,,,,,,,,,
,,,,,,,,,,,,,,,,,,
,,,,,,,,,,,,,,,,,,
,,,,,,,,,,,,,,,,,,
,,,,,,,,,,,,,,,,,,
,,,,,,,,,,,,,,,,,,
,,,,,,,,,,,,,,,,,,
,,,,,,,,,,,,,,,,,,
,,,,,,,,,,,,,,,,,,
,,,,,,,,,,,,,,,,,,
,,,,,,,,,,,,,,,,,,
,,,,,,,,,,,,,,,,,,
,,,,,,,,,,,,,,,,,,
,,,,,,,,,,,,,,,,,,
,,,,,,,,,,,,,,,,,,
,,,,,,,,,,,,,,,,,,
,,,,,,,,,,,,,,,,,,
,,,,,,,,,,,,,,,,,,
,,,,,,,,,,,,,,,,,,
,,,,,,,,,,,,,,,,,,
,,,,,,,,,,,,,,,,,,
,,,,,,,,,,,,,,,,,,
,,,,,,,,,,,,,,,,,,
,,,,,,,,,,,,,,,,,,
,,,,,,,,,,,,,,,,,,
,,,,,,,,,,,,,,,,,,
,,,,,,,,,,,,,,,,,,
,,,,,,,,,,,,,,,,,,
,,,,,,,,,,,,,,,,,,
,,,,,,,,,,,,,,,,,,
,,,,,,,,,,,,,,,,,,
,,,,,,,,,,,,,,,,,,
,,,,,,,,,,,,,,,,,,
,,,,,,,,,,,,,,,,,,
,,,,,,,,,,,,,,,,,,
,,,,,,,,,,,,,,,,,,
,,,,,,,,,,,,,,,,,,
,,,,,,,,,,,,,,,,,,
,,,,,,,,,,,,,,,,,,
,,,,,,,,,,,,,,,,,,
,,,,,,,,,,,,,,,,,,
,,,,,,,,,,,,,,,,,,
,,,,,,,,,,,,,,,,,,
,,,,,,,,,,,,,,,,,,
,,,,,,,,,,,,,,,,,,
,,,,,,,,,,,,,,,,,,
,,,,,,,,,,,,,,,,,,
,,,,,,,,,,,,,,,,,,
,,,,,,,,,,,,,,,,,,
,,,,,,,,,,,,,,,,,,
,,,,,,,,,,,,,,,,,,
,,,,,,,,,,,,,,,,,,
,,,,,,,,,,,,,,,,,,
,,,,,,,,,,,,,,,,,,
,,,,,,,,,,,,,,,,,,
,,,,,,,,,,,,,,,,,,
,,,,,,,,,,,,,,,,,,
,,,,,,,,,,,,,,,,,,
,,,,,,,,,,,,,,,,,,
,,,,,,,,,,,,,,,,,,
,,,,,,,,,,,,,,,,,,
,,,,,,,,,,,,,,,,,,
,,,,,,,,,,,,,,,,,,
,,,,,,,,,,,,,,,,,,
,,,,,,,,,,,,,,,,,,
,,,,,,,,,,,,,,,,,,
,,,,,,,,,,,,,,,,,,
,,,,,,,,,,,,,,,,,,
,,,,,,,,,,,,,,,,,,
,,,,,,,,,,,,,,,,,,
,,,,,,,,,,,,,,,,,,
,,,,,,,,,,,,,,,,,,
,,,,,,,,,,,,,,,,,,
,,,,,,,,,,,,,,,,,,
,,,,,,,,,,,,,,,,,,
,,,,,,,,,,,,,,,,,,
,,,,,,,,,,,,,,,,,,
,,,,,,,,,,,,,,,,,,
,,,,,,,,,,,,,,,,,,
,,,,,,,,,,,,,,,,,,
,,,,,,,,,,,,,,,,,,
,,,,,,,,,,,,,,,,,,
,,,,,,,,,,,,,,,,,,
,,,,,,,,,,,,,,,,,,
,,,,,,,,,,,,,,,,,,
,,,,,,,,,,,,,,,,,,
,,,,,,,,,,,,,,,,,,
,,,,,,,,,,,,,,,,,,
,,,,,,,,,,,,,,,,,,
,,,,,,,,,,,,,,,,,,
,,,,,,,,,,,,,,,,,,
,,,,,,,,,,,,,,,,,,
,,,,,,,,,,,,,,,,,,
,,,,,,,,,,,,,,,,,,
,,,,,,,,,,,,,,,,,,
,,,,,,,,,,,,,,,,,,
,,,,,,,,,,,,,,,,,,
,,,,,,,,,,,,,,,,,,
,,,,,,,,,,,,,,,,,,
,,,,,,,,,,,,,,,,,,
,,,,,,,,,,,,,,,,,,
,,,,,,,,,,,,,,,,,,
,,,,,,,,,,,,,,,,,,
,,,,,,,,,,,,,,,,,,
,,,,,,,,,,,,,,,,,,
,,,,,,,,,,,,,,,,,,
,,,,,,,,,,,,,,,,,,
,,,,,,,,,,,,,,,,,,
,,,,,,,,,,,,,,,,,,
,,,,,,,,,,,,,,,,,,
,,,,,,,,,,,,,,,,,,
,,,,,,,,,,,,,,,,,,
,,,,,,,,,,,,,,,,,,
,,,,,,,,,,,,,,,,,,
,,,,,,,,,,,,,,,,,,
,,,,,,,,,,,,,,,,,,
,,,,,,,,,,,,,,,,,,
,,,,,,,,,,,,,,,,,,
,,,,,,,,,,,,,,,,,,
,,,,,,,,,,,,,,,,,,
,,,,,,,,,,,,,,,,,,
,,,,,,,,,,,,,,,,,,
,,,,,,,,,,,,,,,,,,
,,,,,,,,,,,,,,,,,,
,,,,,,,,,,,,,,,,,,
,,,,,,,,,,,,,,,,,,
,,,,,,,,,,,,,,,,,,
,,,,,,,,,,,,,,,,,,
,,,,,,,,,,,,,,,,,,
,,,,,,,,,,,,,,,,,,
,,,,,,,,,,,,,,,,,,
,,,,,,,,,,,,,,,,,,
,,,,,,,,,,,,,,,,,,
,,,,,,,,,,,,,,,,,,
,,,,,,,,,,,,,,,,,,
,,,,,,,,,,,,,,,,,,
,,,,,,,,,,,,,,,,,,
,,,,,,,,,,,,,,,,,,
,,,,,,,,,,,,,,,,,,
,,,,,,,,,,,,,,,,,,
,,,,,,,,,,,,,,,,,,
,,,,,,,,,,,,,,,,,,
,,,,,,,,,,,,,,,,,,
,,,,,,,,,,,,,,,,,,
,,,,,,,,,,,,,,,,,,
,,,,,,,,,,,,,,,,,,
,,,,,,,,,,,,,,,,,,
,,,,,,,,,,,,,,,,,,
,,,,,,,,,,,,,,,,,,
,,,,,,,,,,,,,,,,,,
,,,,,,,,,,,,,,,,,,
,,,,,,,,,,,,,,,,,,
,,,,,,,,,,,,,,,,,,
,,,,,,,,,,,,,,,,,,
,,,,,,,,,,,,,,,,,,
,,,,,,,,,,,,,,,,,,
,,,,,,,,,,,,,,,,,,
,,,,,,,,,,,,,,,,,,
,,,,,,,,,,,,,,,,,,
,,,,,,,,,,,,,,,,,,
,,,,,,,,,,,,,,,,,,
,,,,,,,,,,,,,,,,,,
,,,,,,,,,,,,,,,,,,
,,,,,,,,,,,,,,,,,,
,,,,,,,,,,,,,,,,,,
,,,,,,,,,,,,,,,,,,
,,,,,,,,,,,,,,,,,,
,,,,,,,,,,,,,,,,,,
,,,,,,,,,,,,,,,,,,
,,,,,,,,,,,,,,,,,,
,,,,,,,,,,,,,,,,,,
,,,,,,,,,,,,,,,,,,
,,,,,,,,,,,,,,,,,,
,,,,,,,,,,,,,,,,,,
,,,,,,,,,,,,,,,,,,
,,,,,,,,,,,,,,,,,,
,,,,,,,,,,,,,,,,,,
,,,,,,,,,,,,,,,,,,
,,,,,,,,,,,,,,,,,,
,,,,,,,,,,,,,,,,,,
,,,,,,,,,,,,,,,,,,
,,,,,,,,,,,,,,,,,,
,,,,,,,,,,,,,,,,,,
,,,,,,,,,,,,,,,,,,
,,,,,,,,,,,,,,,,,,
,,,,,,,,,,,,,,,,,,
,,,,,,,,,,,,,,,,,,
,,,,,,,,,,,,,,,,,,
,,,,,,,,,,,,,,,,,,
,,,,,,,,,,,,,,,,,,
,,,,,,,,,,,,,,,,,,
,,,,,,,,,,,,,,,,,,
,,,,,,,,,,,,,,,,,,
,,,,,,,,,,,,,,,,,,
,,,,,,,,,,,,,,,,,,
,,,,,,,,,,,,,,,,,,
,,,,,,,,,,,,,,,,,,
,,,,,,,,,,,,,,,,,,
,,,,,,,,,,,,,,,,,,
,,,,,,,,,,,,,,,,,,
,,,,,,,,,,,,,,,,,,
,,,,,,,,,,,,,,,,,,
,,,,,,,,,,,,,,,,,,
,,,,,,,,,,,,,,,,,,
,,,,,,,,,,,,,,,,,,
,,,,,,,,,,,,,,,,,,
,,,,,,,,,,,,,,,,,,
,,,,,,,,,,,,,,,,,,
,,,,,,,,,,,,,,,,,,
,,,,,,,,,,,,,,,,,,
,,,,,,,,,,,,,,,,,,
,,,,,,,,,,,,,,,,,,
,,,,,,,,,,,,,,,,,,
,,,,,,,,,,,,,,,,,,
,,,,,,,,,,,,,,,,,,
,,,,,,,,,,,,,,,,,,
,,,,,,,,,,,,,,,,,,
,,,,,,,,,,,,,,,,,,
,,,,,,,,,,,,,,,,,,
,,,,,,,,,,,,,,,,,,
,,,,,,,,,,,,,,,,,,
,,,,,,,,,,,,,,,,,,
,,,,,,,,,,,,,,,,,,
,,,,,,,,,,,,,,,,,,
,,,,,,,,,,,,,,,,,,
,,,,,,,,,,,,,,,,,,
,,,,,,,,,,,,,,,,,,
,,,,,,,,,,,,,,,,,,
,,,,,,,,,,,,,,,,,,
,,,,,,,,,,,,,,,,,,
,,,,,,,,,,,,,,,,,,
,,,,,,,,,,,,,,,,,,
,,,,,,,,,,,,,,,,,,
,,,,,,,,,,,,,,,,,,
,,,,,,,,,,,,,,,,,,
,,,,,,,,,,,,,,,,,,
,,,,,,,,,,,,,,,,,,
,,,,,,,,,,,,,,,,,,
,,,,,,,,,,,,,,,,,,
,,,,,,,,,,,,,,,,,,
,,,,,,,,,,,,,,,,,,
,,,,,,,,,,,,,,,,,,
,,,,,,,,,,,,,,,,,,
,,,,,,,,,,,,,,,,,,
,,,,,,,,,,,,,,,,,,
,,,,,,,,,,,,,,,,,,
,,,,,,,,,,,,,,,,,,
,,,,,,,,,,,,,,,,,,
,,,,,,,,,,,,,,,,,,
,,,,,,,,,,,,,,,,,,
,,,,,,,,,,,,,,,,,,
,,,,,,,,,,,,,,,,,,
,,,,,,,,,,,,,,,,,,
,,,,,,,,,,,,,,,,,,
,,,,,,,,,,,,,,,,,,
,,,,,,,,,,,,,,,,,,
,,,,,,,,,,,,,,,,,,
,,,,,,,,,,,,,,,,,,
,,,,,,,,,,,,,,,,,,
,,,,,,,,,,,,,,,,,,
,,,,,,,,,,,,,,,,,,
,,,,,,,,,,,,,,,,,,
,,,,,,,,,,,,,,,,,,
,,,,,,,,,,,,,,,,,,
,,,,,,,,,,,,,,,,,,
,,,,,,,,,,,,,,,,,,
,,,,,,,,,,,,,,,,,,
,,,,,,,,,,,,,,,,,,
,,,,,,,,,,,,,,,,,,
,,,,,,,,,,,,,,,,,,
,,,,,,,,,,,,,,,,,,
,,,,,,,,,,,,,,,,,,
,,,,,,,,,,,,,,,,,,
,,,,,,,,,,,,,,,,,,
,,,,,,,,,,,,,,,,,,
,,,,,,,,,,,,,,,,,,
,,,,,,,,,,,,,,,,,,
,,,,,,,,,,,,,,,,,,
,,,,,,,,,,,,,,,,,,
,,,,,,,,,,,,,,,,,,
,,,,,,,,,,,,,,,,,,
,,,,,,,,,,,,,,,,,,
,,,,,,,,,,,,,,,,,,
,,,,,,,,,,,,,,,,,,
,,,,,,,,,,,,,,,,,,
,,,,,,,,,,,,,,,,,,
,,,,,,,,,,,,,,,,,,
,,,,,,,,,,,,,,,,,,
,,,,,,,,,,,,,,,,,,
,,,,,,,,,,,,,,,,,,
,,,,,,,,,,,,,,,,,,
,,,,,,,,,,,,,,,,,,
,,,,,,,,,,,,,,,,,,
,,,,,,,,,,,,,,,,,,
,,,,,,,,,,,,,,,,,,
,,,,,,,,,,,,,,,,,,
,,,,,,,,,,,,,,,,,,
,,,,,,,,,,,,,,,,,,
,,,,,,,,,,,,,,,,,,
,,,,,,,,,,,,,,,,,,
,,,,,,,,,,,,,,,,,,
,,,,,,,,,,,,,,,,,,
,,,,,,,,,,,,,,,,,,
,,,,,,,,,,,,,,,,,,
,,,,,,,,,,,,,,,,,,
,,,,,,,,,,,,,,,,,,
,,,,,,,,,,,,,,,,,,
,,,,,,,,,,,,,,,,,,
,,,,,,,,,,,,,,,,,,
,,,,,,,,,,,,,,,,,,
,,,,,,,,,,,,,,,,,,
,,,,,,,,,,,,,,,,,,
,,,,,,,,,,,,,,,,,,
,,,,,,,,,,,,,,,,,,
,,,,,,,,,,,,,,,,,,
,,,,,,,,,,,,,,,,,,
,,,,,,,,,,,,,,,,,,
,,,,,,,,,,,,,,,,,,
,,,,,,,,,,,,,,,,,,
,,,,,,,,,,,,,,,,,,
,,,,,,,,,,,,,,,,,,
,,,,,,,,,,,,,,,,,,
,,,,,,,,,,,,,,,,,,
,,,,,,,,,,,,,,,,,,
,,,,,,,,,,,,,,,,,,
,,,,,,,,,,,,,,,,,,
,,,,,,,,,,,,,,,,,,
,,,,,,,,,,,,,,,,,,
,,,,,,,,,,,,,,,,,,
,,,,,,,,,,,,,,,,,,
,,,,,,,,,,,,,,,,,,
,,,,,,,,,,,,,,,,,,
,,,,,,,,,,,,,,,,,,
,,,,,,,,,,,,,,,,,,
,,,,,,,,,,,,,,,,,,
,,,,,,,,,,,,,,,,,,
,,,,,,,,,,,,,,,,,,
,,,,,,,,,,,,,,,,,,
,,,,,,,,,,,,,,,,,,
,,,,,,,,,,,,,,,,,,
,,,,,,,,,,,,,,,,,,
,,,,,,,,,,,,,,,,,,
,,,,,,,,,,,,,,,,,,
,,,,,,,,,,,,,,,,,,
,,,,,,,,,,,,,,,,,,
,,,,,,,,,,,,,,,,,,
,,,,,,,,,,,,,,,,,,
,,,,,,,,,,,,,,,,,,
,,,,,,,,,,,,,,,,,,
,,,,,,,,,,,,,,,,,,
,,,,,,,,,,,,,,,,,,
,,,,,,,,,,,,,,,,,,
,,,,,,,,,,,,,,,,,,
,,,,,,,,,,,,,,,,,,
,,,,,,,,,,,,,,,,,,
,,,,,,,,,,,,,,,,,,
,,,,,,,,,,,,,,,,,,
,,,,,,,,,,,,,,,,,,
,,,,,,,,,,,,,,,,,,
,,,,,,,,,,,,,,,,,,
,,,,,,,,,,,,,,,,,,
,,,,,,,,,,,,,,,,,,
,,,,,,,,,,,,,,,,,,
,,,,,,,,,,,,,,,,,,
,,,,,,,,,,,,,,,,,,
,,,,,,,,,,,,,,,,,,
,,,,,,,,,,,,,,,,,,
,,,,,,,,,,,,,,,,,,
,,,,,,,,,,,,,,,,,,
,,,,,,,,,,,,,,,,,,
,,,,,,,,,,,,,,,,,,
,,,,,,,,,,,,,,,,,,
,,,,,,,,,,,,,,,,,,
,,,,,,,,,,,,,,,,,,
,,,,,,,,,,,,,,,,,,
,,,,,,,,,,,,,,,,,,
,,,,,,,,,,,,,,,,,,
,,,,,,,,,,,,,,,,,,
,,,,,,,,,,,,,,,,,,
,,,,,,,,,,,,,,,,,,
,,,,,,,,,,,,,,,,,,
,,,,,,,,,,,,,,,,,,
,,,,,,,,,,,,,,,,,,
,,,,,,,,,,,,,,,,,,
,,,,,,,,,,,,,,,,,,
,,,,,,,,,,,,,,,,,,
,,,,,,,,,,,,,,,,,,
,,,,,,,,,,,,,,,,,,
,,,,,,,,,,,,,,,,,,
,,,,,,,,,,,,,,,,,,
,,,,,,,,,,,,,,,,,,
,,,,,,,,,,,,,,,,,,
,,,,,,,,,,,,,,,,,,
,,,,,,,,,,,,,,,,,,
,,,,,,,,,,,,,,,,,,
,,,,,,,,,,,,,,,,,,
,,,,,,,,,,,,,,,,,,
,,,,,,,,,,,,,,,,,,
,,,,,,,,,,,,,,,,,,
,,,,,,,,,,,,,,,,,,
,,,,,,,,,,,,,,,,,,
,,,,,,,,,,,,,,,,,,
,,,,,,,,,,,,,,,,,,
,,,,,,,,,,,,,,,,,,
,,,,,,,,,,,,,,,,,,
,,,,,,,,,,,,,,,,,,
,,,,,,,,,,,,,,,,,,
,,,,,,,,,,,,,,,,,,
,,,,,,,,,,,,,,,,,,
,,,,,,,,,,,,,,,,,,
,,,,,,,,,,,,,,,,,,
,,,,,,,,,,,,,,,,,,
,,,,,,,,,,,,,,,,,,
,,,,,,,,,,,,,,,,,,
,,,,,,,,,,,,,,,,,,
,,,,,,,,,,,,,,,,,,
,,,,,,,,,,,,,,,,,,
,,,,,,,,,,,,,,,,,,
,,,,,,,,,,,,,,,,,,
,,,,,,,,,,,,,,,,,,
,,,,,,,,,,,,,,,,,,
,,,,,,,,,,,,,,,,,,
,,,,,,,,,,,,,,,,,,
,,,,,,,,,,,,,,,,,,
,,,,,,,,,,,,,,,,,,
,,,,,,,,,,,,,,,,,,
,,,,,,,,,,,,,,,,,,
,,,,,,,,,,,,,,,,,,
,,,,,,,,,,,,,,,,,,
,,,,,,,,,,,,,,,,,,
,,,,,,,,,,,,,,,,,,
,,,,,,,,,,,,,,,,,,
,,,,,,,,,,,,,,,,,,
,,,,,,,,,,,,,,,,,,
,,,,,,,,,,,,,,,,,,
,,,,,,,,,,,,,,,,,,
,,,,,,,,,,,,,,,,,,
,,,,,,,,,,,,,,,,,,
,,,,,,,,,,,,,,,,,,
,,,,,,,,,,,,,,,,,,
,,,,,,,,,,,,,,,,,,
,,,,,,,,,,,,,,,,,,
,,,,,,,,,,,,,,,,,,
,,,,,,,,,,,,,,,,,,
,,,,,,,,,,,,,,,,,,
,,,,,,,,,,,,,,,,,,
,,,,,,,,,,,,,,,,,,
,,,,,,,,,,,,,,,,,,
,,,,,,,,,,,,,,,,,,
,,,,,,,,,,,,,,,,,,
,,,,,,,,,,,,,,,,,,
,,,,,,,,,,,,,,,,,,
,,,,,,,,,,,,,,,,,,
,,,,,,,,,,,,,,,,,,
,,,,,,,,,,,,,,,,,,
,,,,,,,,,,,,,,,,,,
,,,,,,,,,,,,,,,,,,
,,,,,,,,,,,,,,,,,,
,,,,,,,,,,,,,,,,,,
,,,,,,,,,,,,,,,,,,
,,,,,,,,,,,,,,,,,,
,,,,,,,,,,,,,,,,,,
,,,,,,,,,,,,,,,,,,
,,,,,,,,,,,,,,,,,,
,,,,,,,,,,,,,,,,,,
,,,,,,,,,,,,,,,,,,
,,,,,,,,,,,,,,,,,,
,,,,,,,,,,,,,,,,,,
,,,,,,,,,,,,,,,,,,
,,,,,,,,,,,,,,,,,,
,,,,,,,,,,,,,,,,,,
,,,,,,,,,,,,,,,,,,
,,,,,,,,,,,,,,,,,,
,,,,,,,,,,,,,,,,,,
,,,,,,,,,,,,,,,,,,
,,,,,,,,,,,,,,,,,,
,,,,,,,,,,,,,,,,,,
,,,,,,,,,,,,,,,,,,
,,,,,,,,,,,,,,,,,,
,,,,,,,,,,,,,,,,,,
,,,,,,,,,,,,,,,,,,
,,,,,,,,,,,,,,,,,,
,,,,,,,,,,,,,,,,,,
,,,,,,,,,,,,,,,,,,
,,,,,,,,,,,,,,,,,,
,,,,,,,,,,,,,,,,,,
,,,,,,,,,,,,,,,,,,
,,,,,,,,,,,,,,,,,,
,,,,,,,,,,,,,,,,,,
,,,,,,,,,,,,,,,,,,
,,,,,,,,,,,,,,,,,,
,,,,,,,,,,,,,,,,,,
,,,,,,,,,,,,,,,,,,
,,,,,,,,,,,,,,,,,,
,,,,,,,,,,,,,,,,,,
,,,,,,,,,,,,,,,,,,
,,,,,,,,,,,,,,,,,,
,,,,,,,,,,,,,,,,,,
,,,,,,,,,,,,,,,,,,
,,,,,,,,,,,,,,,,,,
,,,,,,,,,,,,,,,,,,
,,,,,,,,,,,,,,,,,,
,,,,,,,,,,,,,,,,,,
,,,,,,,,,,,,,,,,,,
,,,,,,,,,,,,,,,,,,
,,,,,,,,,,,,,,,,,,
,,,,,,,,,,,,,,,,,,
,,,,,,,,,,,,,,,,,,
,,,,,,,,,,,,,,,,,,
,,,,,,,,,,,,,,,,,,
,,,,,,,,,,,,,,,,,,
,,,,,,,,,,,,,,,,,,
,,,,,,,,,,,,,,,,,,
,,,,,,,,,,,,,,,,,,
,,,,,,,,,,,,,,,,,,
,,,,,,,,,,,,,,,,,,
,,,,,,,,,,,,,,,,,,
,,,,,,,,,,,,,,,,,,
,,,,,,,,,,,,,,,,,,
,,,,,,,,,,,,,,,,,,
,,,,,,,,,,,,,,,,,,
,,,,,,,,,,,,,,,,,,
,,,,,,,,,,,,,,,,,,
,,,,,,,,,,,,,,,,,,
,,,,,,,,,,,,,,,,,,
,,,,,,,,,,,,,,,,,,
,,,,,,,,,,,,,,,,,,
,,,,,,,,,,,,,,,,,,
,,,,,,,,,,,,,,,,,,
,,,,,,,,,,,,,,,,,,
,,,,,,,,,,,,,,,,,,
,,,,,,,,,,,,,,,,,,
,,,,,,,,,,,,,,,,,,
,,,,,,,,,,,,,,,,,,
,,,,,,,,,,,,,,,,,,
,,,,,,,,,,,,,,,,,,
,,,,,,,,,,,,,,,,,,
,,,,,,,,,,,,,,,,,,
,,,,,,,,,,,,,,,,,,
,,,,,,,,,,,,,,,,,,
,,,,,,,,,,,,,,,,,,
,,,,,,,,,,,,,,,,,,
,,,,,,,,,,,,,,,,,,
,,,,,,,,,,,,,,,,,,
,,,,,,,,,,,,,,,,,,
,,,,,,,,,,,,,,,,,,
,,,,,,,,,,,,,,,,,,
,,,,,,,,,,,,,,,,,,
,,,,,,,,,,,,,,,,,,
,,,,,,,,,,,,,,,,,,
,,,,,,,,,,,,,,,,,,
,,,,,,,,,,,,,,,,,,
,,,,,,,,,,,,,,,,,,
,,,,,,,,,,,,,,,,,,
,,,,,,,,,,,,,,,,,,
,,,,,,,,,,,,,,,,,,
,,,,,,,,,,,,,,,,,,
,,,,,,,,,,,,,,,,,,
,,,,,,,,,,,,,,,,,,
,,,,,,,,,,,,,,,,,,
,,,,,,,,,,,,,,,,,,
,,,,,,,,,,,,,,,,,,
,,,,,,,,,,,,,,,,,,
,,,,,,,,,,,,,,,,,,
,,,,,,,,,,,,,,,,,,
,,,,,,,,,,,,,,,,,,
,,,,,,,,,,,,,,,,,,
,,,,,,,,,,,,,,,,,,
,,,,,,,,,,,,,,,,,,
,,,,,,,,,,,,,,,,,,
,,,,,,,,,,,,,,,,,,
,,,,,,,,,,,,,,,,,,
,,,,,,,,,,,,,,,,,,
,,,,,,,,,,,,,,,,,,
,,,,,,,,,,,,,,,,,,
,,,,,,,,,,,,,,,,,,
,,,,,,,,,,,,,,,,,,
,,,,,,,,,,,,,,,,,,
,,,,,,,,,,,,,,,,,,
,,,,,,,,,,,,,,,,,,
,,,,,,,,,,,,,,,,,,
,,,,,,,,,,,,,,,,,,
,,,,,,,,,,,,,,,,,,
,,,,,,,,,,,,,,,,,,
,,,,,,,,,,,,,,,,,,
,,,,,,,,,,,,,,,,,,
,,,,,,,,,,,,,,,,,,
,,,,,,,,,,,,,,,,,,
,,,,,,,,,,,,,,,,,,
,,,,,,,,,,,,,,,,,,
,,,,,,,,,,,,,,,,,,
,,,,,,,,,,,,,,,,,,
,,,,,,,,,,,,,,,,,,
,,,,,,,,,,,,,,,,,,
,,,,,,,,,,,,,,,,,,
,,,,,,,,,,,,,,,,,,
,,,,,,,,,,,,,,,,,,
,,,,,,,,,,,,,,,,,,
,,,,,,,,,,,,,,,,,,
,,,,,,,,,,,,,,,,,,
,,,,,,,,,,,,,,,,,,
,,,,,,,,,,,,,,,,,,
,,,,,,,,,,,,,,,,,,
,,,,,,,,,,,,,,,,,,
,,,,,,,,,,,,,,,,,,
,,,,,,,,,,,,,,,,,,
,,,,,,,,,,,,,,,,,,
,,,,,,,,,,,,,,,,,,
,,,,,,,,,,,,,,,,,,
,,,,,,,,,,,,,,,,,,
,,,,,,,,,,,,,,,,,,
,,,,,,,,,,,,,,,,,,
,,,,,,,,,,,,,,,,,,
,,,,,,,,,,,,,,,,,,
,,,,,,,,,,,,,,,,,,
,,,,,,,,,,,,,,,,,,
,,,,,,,,,,,,,,,,,,
,,,,,,,,,,,,,,,,,,
,,,,,,,,,,,,,,,,,,
,,,,,,,,,,,,,,,,,,
,,,,,,,,,,,,,,,,,,
,,,,,,,,,,,,,,,,,,
,,,,,,,,,,,,,,,,,,
,,,,,,,,,,,,,,,,,,
,,,,,,,,,,,,,,,,,,
,,,,,,,,,,,,,,,,,,
,,,,,,,,,,,,,,,,,,
,,,,,,,,,,,,,,,,,,
,,,,,,,,,,,,,,,,,,
,,,,,,,,,,,,,,,,,,
,,,,,,,,,,,,,,,,,,
,,,,,,,,,,,,,,,,,,
,,,,,,,,,,,,,,,,,,
,,,,,,,,,,,,,,,,,,
,,,,,,,,,,,,,,,,,,
,,,,,,,,,,,,,,,,,,
,,,,,,,,,,,,,,,,,,
,,,,,,,,,,,,,,,,,,
,,,,,,,,,,,,,,,,,,
,,,,,,,,,,,,,,,,,,
,,,,,,,,,,,,,,,,,,
,,,,,,,,,,,,,,,,,,
,,,,,,,,,,,,,,,,,,
,,,,,,,,,,,,,,,,,,
,,,,,,,,,,,,,,,,,,
,,,,,,,,,,,,,,,,,,
,,,,,,,,,,,,,,,,,,
,,,,,,,,,,,,,,,,,,
,,,,,,,,,,,,,,,,,,
,,,,,,,,,,,,,,,,,,
,,,,,,,,,,,,,,,,,,
,,,,,,,,,,,,,,,,,,
,,,,,,,,,,,,,,,,,,
,,,,,,,,,,,,,,,,,,
,,,,,,,,,,,,,,,,,,
,,,,,,,,,,,,,,,,,,
,,,,,,,,,,,,,,,,,,
,,,,,,,,,,,,,,,,,,
,,,,,,,,,,,,,,,,,,
,,,,,,,,,,,,,,,,,,
,,,,,,,,,,,,,,,,,,
,,,,,,,,,,,,,,,,,,
,,,,,,,,,,,,,,,,,,
,,,,,,,,,,,,,,,,,,
,,,,,,,,,,,,,,,,,,
,,,,,,,,,,,,,,,,,,
,,,,,,,,,,,,,,,,,,
,,,,,,,,,,,,,,,,,,
,,,,,,,,,,,,,,,,,,
,,,,,,,,,,,,,,,,,,
,,,,,,,,,,,,,,,,,,
,,,,,,,,,,,,,,,,,,
,,,,,,,,,,,,,,,,,,
,,,,,,,,,,,,,,,,,,
,,,,,,,,,,,,,,,,,,
,,,,,,,,,,,,,,,,,,
,,,,,,,,,,,,,,,,,,
,,,,,,,,,,,,,,,,,,
,,,,,,,,,,,,,,,,,,
,,,,,,,,,,,,,,,,,,
,,,,,,,,,,,,,,,,,,
,,,,,,,,,,,,,,,,,,
,,,,,,,,,,,,,,,,,,
,,,,,,,,,,,,,,,,,,
,,,,,,,,,,,,,,,,,,
,,,,,,,,,,,,,,,,,,
,,,,,,,,,,,,,,,,,,
,,,,,,,,,,,,,,,,,,
,,,,,,,,,,,,,,,,,,
,,,,,,,,,,,,,,,,,,
,,,,,,,,,,,,,,,,,,
,,,,,,,,,,,,,,,,,,
,,,,,,,,,,,,,,,,,,
,,,,,,,,,,,,,,,,,,
,,,,,,,,,,,,,,,,,,
,,,,,,,,,,,,,,,,,,
,,,,,,,,,,,,,,,,,,
,,,,,,,,,,,,,,,,,,
,,,,,,,,,,,,,,,,,,
,,,,,,,,,,,,,,,,,,
,,,,,,,,,,,,,,,,,,
,,,,,,,,,,,,,,,,,,
,,,,,,,,,,,,,,,,,,
,,,,,,,,,,,,,,,,,,
,,,,,,,,,,,,,,,,,,
,,,,,,,,,,,,,,,,,,
,,,,,,,,,,,,,,,,,,
,,,,,,,,,,,,,,,,,,
,,,,,,,,,,,,,,,,,,
,,,,,,,,,,,,,,,,,,
,,,,,,,,,,,,,,,,,,
,,,,,,,,,,,,,,,,,,
,,,,,,,,,,,,,,,,,,
,,,,,,,,,,,,,,,,,,
,,,,,,,,,,,,,,,,,,
,,,,,,,,,,,,,,,,,,
,,,,,,,,,,,,,,,,,,
,,,,,,,,,,,,,,,,,,
,,,,,,,,,,,,,,,,,,
,,,,,,,,,,,,,,,,,,
,,,,,,,,,,,,,,,,,,
,,,,,,,,,,,,,,,,,,
,,,,,,,,,,,,,,,,,,
,,,,,,,,,,,,,,,,,,
,,,,,,,,,,,,,,,,,,
,,,,,,,,,,,,,,,,,,
,,,,,,,,,,,,,,,,,,
,,,,,,,,,,,,,,,,,,
,,,,,,,,,,,,,,,,,,
,,,,,,,,,,,,,,,,,,
,,,,,,,,,,,,,,,,,,
,,,,,,,,,,,,,,,,,,
,,,,,,,,,,,,,,,,,,
,,,,,,,,,,,,,,,,,,
,,,,,,,,,,,,,,,,,,
,,,,,,,,,,,,,,,,,,
,,,,,,,,,,,,,,,,,,
,,,,,,,,,,,,,,,,,,
,,,,,,,,,,,,,,,,,,
,,,,,,,,,,,,,,,,,,
,,,,,,,,,,,,,,,,,,
,,,,,,,,,,,,,,,,,,
,,,,,,,,,,,,,,,,,,
,,,,,,,,,,,,,,,,,,
,,,,,,,,,,,,,,,,,,
,,,,,,,,,,,,,,,,,,
,,,,,,,,,,,,,,,,,,
,,,,,,,,,,,,,,,,,,
,,,,,,,,,,,,,,,,,,
,,,,,,,,,,,,,,,,,,
,,,,,,,,,,,,,,,,,,
,,,,,,,,,,,,,,,,,,
,,,,,,,,,,,,,,,,,,
,,,,,,,,,,,,,,,,,,
,,,,,,,,,,,,,,,,,,
,,,,,,,,,,,,,,,,,,
,,,,,,,,,,,,,,,,,,
,,,,,,,,,,,,,,,,,,
,,,,,,,,,,,,,,,,,,
,,,,,,,,,,,,,,,,,,
,,,,,,,,,,,,,,,,,,
,,,,,,,,,,,,,,,,,,
,,,,,,,,,,,,,,,,,,
,,,,,,,,,,,,,,,,,,
,,,,,,,,,,,,,,,,,,
,,,,,,,,,,,,,,,,,,
,,,,,,,,,,,,,,,,,,
,,,,,,,,,,,,,,,,,,
,,,,,,,,,,,,,,,,,,
,,,,,,,,,,,,,,,,,,
,,,,,,,,,,,,,,,,,,
,,,,,,,,,,,,,,,,,,
,,,,,,,,,,,,,,,,,,
,,,,,,,,,,,,,,,,,,
,,,,,,,,,,,,,,,,,,
,,,,,,,,,,,,,,,,,,
,,,,,,,,,,,,,,,,,,
,,,,,,,,,,,,,,,,,,
,,,,,,,,,,,,,,,,,,
,,,,,,,,,,,,,,,,,,
,,,,,,,,,,,,,,,,,,
,,,,,,,,,,,,,,,,,,
,,,,,,,,,,,,,,,,,,
,,,,,,,,,,,,,,,,,,
,,,,,,,,,,,,,,,,,,
,,,,,,,,,,,,,,,,,,
,,,,,,,,,,,,,,,,,,
,,,,,,,,,,,,,,,,,,
,,,,,,,,,,,,,,,,,,
,,,,,,,,,,,,,,,,,,
,,,,,,,,,,,,,,,,,,
,,,,,,,,,,,,,,,,,,
,,,,,,,,,,,,,,,,,,
,,,,,,,,,,,,,,,,,,
,,,,,,,,,,,,,,,,,,
,,,,,,,,,,,,,,,,,,
,,,,,,,,,,,,,,,,,,
,,,,,,,,,,,,,,,,,,
,,,,,,,,,,,,,,,,,,
,,,,,,,,,,,,,,,,,,
,,,,,,,,,,,,,,,,,,
,,,,,,,,,,,,,,,,,,
,,,,,,,,,,,,,,,,,,
,,,,,,,,,,,,,,,,,,
,,,,,,,,,,,,,,,,,,
,,,,,,,,,,,,,,,,,,
,,,,,,,,,,,,,,,,,,
,,,,,,,,,,,,,,,,,,
,,,,,,,,,,,,,,,,,,
,,,,,,,,,,,,,,,,,,
,,,,,,,,,,,,,,,,,,
,,,,,,,,,,,,,,,,,,
,,,,,,,,,,,,,,,,,,
,,,,,,,,,,,,,,,,,,
,,,,,,,,,,,,,,,,,,
,,,,,,,,,,,,,,,,,,
,,,,,,,,,,,,,,,,,,
,,,,,,,,,,,,,,,,,,
,,,,,,,,,,,,,,,,,,
,,,,,,,,,,,,,,,,,,
,,,,,,,,,,,,,,,,,,
,,,,,,,,,,,,,,,,,,
,,,,,,,,,,,,,,,,,,
,,,,,,,,,,,,,,,,,,
,,,,,,,,,,,,,,,,,,
,,,,,,,,,,,,,,,,,,
,,,,,,,,,,,,,,,,,,
,,,,,,,,,,,,,,,,,,
,,,,,,,,,,,,,,,,,,
,,,,,,,,,,,,,,,,,,
,,,,,,,,,,,,,,,,,,
,,,,,,,,,,,,,,,,,,
,,,,,,,,,,,,,,,,,,
,,,,,,,,,,,,,,,,,,
,,,,,,,,,,,,,,,,,,
,,,,,,,,,,,,,,,,,,
,,,,,,,,,,,,,,,,,,
,,,,,,,,,,,,,,,,,,
,,,,,,,,,,,,,,,,,,
,,,,,,,,,,,,,,,,,,
,,,,,,,,,,,,,,,,,,
,,,,,,,,,,,,,,,,,,
,,,,,,,,,,,,,,,,,,
,,,,,,,,,,,,,,,,,,
,,,,,,,,,,,,,,,,,,
,,,,,,,,,,,,,,,,,,
,,,,,,,,,,,,,,,,,,
,,,,,,,,,,,,,,,,,,
,,,,,,,,,,,,,,,,,,
,,,,,,,,,,,,,,,,,,
,,,,,,,,,,,,,,,,,,
,,,,,,,,,,,,,,,,,,
,,,,,,,,,,,,,,,,,,
,,,,,,,,,,,,,,,,,,
,,,,,,,,,,,,,,,,,,
,,,,,,,,,,,,,,,,,,
,,,,,,,,,,,,,,,,,,
,,,,,,,,,,,,,,,,,,
,,,,,,,,,,,,,,,,,,
,,,,,,,,,,,,,,,,,,
,,,,,,,,,,,,,,,,,,
,,,,,,,,,,,,,,,,,,
,,,,,,,,,,,,,,,,,,
,,,,,,,,,,,,,,,,,,
,,,,,,,,,,,,,,,,,,
,,,,,,,,,,,,,,,,,,
,,,,,,,,,,,,,,,,,,
,,,,,,,,,,,,,,,,,,
,,,,,,,,,,,,,,,,,,
,,,,,,,,,,,,,,,,,,
,,,,,,,,,,,,,,,,,,
,,,,,,,,,,,,,,,,,,
,,,,,,,,,,,,,,,,,,
,,,,,,,,,,,,,,,,,,
,,,,,,,,,,,,,,,,,,
,,,,,,,,,,,,,,,,,,
,,,,,,,,,,,,,,,,,,
,,,,,,,,,,,,,,,,,,
,,,,,,,,,,,,,,,,,,
,,,,,,,,,,,,,,,,,,
,,,,,,,,,,,,,,,,,,
,,,,,,,,,,,,,,,,,,
,,,,,,,,,,,,,,,,,,
,,,,,,,,,,,,,,,,,,
,,,,,,,,,,,,,,,,,,
,,,,,,,,,,,,,,,,,,
,,,,,,,,,,,,,,,,,,
,,,,,,,,,,,,,,,,,,
,,,,,,,,,,,,,,,,,,
,,,,,,,,,,,,,,,,,,
,,,,,,,,,,,,,,,,,,
,,,,,,,,,,,,,,,,,,
,,,,,,,,,,,,,,,,,,
,,,,,,,,,,,,,,,,,,
,,,,,,,,,,,,,,,,,,
,,,,,,,,,,,,,,,,,,
,,,,,,,,,,,,,,,,,,
,,,,,,,,,,,,,,,,,,
,,,,,,,,,,,,,,,,,,
,,,,,,,,,,,,,,,,,,
,,,,,,,,,,,,,,,,,,
,,,,,,,,,,,,,,,,,,
,,,,,,,,,,,,,,,,,,
,,,,,,,,,,,,,,,,,,
,,,,,,,,,,,,,,,,,,
,,,,,,,,,,,,,,,,,,
,,,,,,,,,,,,,,,,,,
,,,,,,,,,,,,,,,,,,
,,,,,,,,,,,,,,,,,,
,,,,,,,,,,,,,,,,,,
,,,,,,,,,,,,,,,,,,
,,,,,,,,,,,,,,,,,,
,,,,,,,,,,,,,,,,,,
,,,,,,,,,,,,,,,,,,
,,,,,,,,,,,,,,,,,,
,,,,,,,,,,,,,,,,,,
,,,,,,,,,,,,,,,,,,
,,,,,,,,,,,,,,,,,,
,,,,,,,,,,,,,,,,,,
,,,,,,,,,,,,,,,,,,
,,,,,,,,,,,,,,,,,,
,,,,,,,,,,,,,,,,,,
,,,,,,,,,,,,,,,,,,
,,,,,,,,,,,,,,,,,,
,,,,,,,,,,,,,,,,,,
,,,,,,,,,,,,,,,,,,
,,,,,,,,,,,,,,,,,,
,,,,,,,,,,,,,,,,,,
,,,,,,,,,,,,,,,,,,
,,,,,,,,,,,,,,,,,,
,,,,,,,,,,,,,,,,,,
,,,,,,,,,,,,,,,,,,
,,,,,,,,,,,,,,,,,,
,,,,,,,,,,,,,,,,,,
,,,,,,,,,,,,,,,,,,
,,,,,,,,,,,,,,,,,,
,,,,,,,,,,,,,,,,,,
,,,,,,,,,,,,,,,,,,
,,,,,,,,,,,,,,,,,,
,,,,,,,,,,,,,,,,,,
,,,,,,,,,,,,,,,,,,
,,,,,,,,,,,,,,,,,,
,,,,,,,,,,,,,,,,,,
,,,,,,,,,,,,,,,,,,
,,,,,,,,,,,,,,,,,,
,,,,,,,,,,,,,,,,,,
,,,,,,,,,,,,,,,,,,
,,,,,,,,,,,,,,,,,,
,,,,,,,,,,,,,,,,,,
,,,,,,,,,,,,,,,,,,
,,,,,,,,,,,,,,,,,,
,,,,,,,,,,,,,,,,,,
,,,,,,,,,,,,,,,,,,
,,,,,,,,,,,,,,,,,,
,,,,,,,,,,,,,,,,,,
,,,,,,,,,,,,,,,,,,
,,,,,,,,,,,,,,,,,,
,,,,,,,,,,,,,,,,,,
,,,,,,,,,,,,,,,,,,
,,,,,,,,,,,,,,,,,,
,,,,,,,,,,,,,,,,,,
,,,,,,,,,,,,,,,,,,
,,,,,,,,,,,,,,,,,,
,,,,,,,,,,,,,,,,,,
,,,,,,,,,,,,,,,,,,
,,,,,,,,,,,,,,,,,,
,,,,,,,,,,,,,,,,,,
,,,,,,,,,,,,,,,,,,
,,,,,,,,,,,,,,,,,,
,,,,,,,,,,,,,,,,,,
,,,,,,,,,,,,,,,,,,
,,,,,,,,,,,,,,,,,,
,,,,,,,,,,,,,,,,,,
,,,,,,,,,,,,,,,,,,
,,,,,,,,,,,,,,,,,,
,,,,,,,,,,,,,,,,,,
,,,,,,,,,,,,,,,,,,
,,,,,,,,,,,,,,,,,,
,,,,,,,,,,,,,,,,,,
,,,,,,,,,,,,,,,,,,
,,,,,,,,,,,,,,,,,,
,,,,,,,,,,,,,,,,,,
,,,,,,,,,,,,,,,,,,
,,,,,,,,,,,,,,,,,,
,,,,,,,,,,,,,,,,,,
,,,,,,,,,,,,,,,,,,
,,,,,,,,,,,,,,,,,,
,,,,,,,,,,,,,,,,,,
,,,,,,,,,,,,,,,,,,
,,,,,,,,,,,,,,,,,,
,,,,,,,,,,,,,,,,,,
,,,,,,,,,,,,,,,,,,
,,,,,,,,,,,,,,,,,,
,,,,,,,,,,,,,,,,,,
,,,,,,,,,,,,,,,,,,
,,,,,,,,,,,,,,,,,,
,,,,,,,,,,,,,,,,,,
,,,,,,,,,,,,,,,,,,
,,,,,,,,,,,,,,,,,,
,,,,,,,,,,,,,,,,,,
,,,,,,,,,,,,,,,,,,
,,,,,,,,,,,,,,,,,,
,,,,,,,,,,,,,,,,,,
,,,,,,,,,,,,,,,,,,
,,,,,,,,,,,,,,,,,,
,,,,,,,,,,,,,,,,,,
,,,,,,,,,,,,,,,,,,
,,,,,,,,,,,,,,,,,,
,,,,,,,,,,,,,,,,,,
,,,,,,,,,,,,,,,,,,
,,,,,,,,,,,,,,,,,,
,,,,,,,,,,,,,,,,,,
,,,,,,,,,,,,,,,,,,
,,,,,,,,,,,,,,,,,,
,,,,,,,,,,,,,,,,,,
,,,,,,,,,,,,,,,,,,
,,,,,,,,,,,,,,,,,,
,,,,,,,,,,,,,,,,,,
,,,,,,,,,,,,,,,,,,
,,,,,,,,,,,,,,,,,,
,,,,,,,,,,,,,,,,,,
,,,,,,,,,,,,,,,,,,
,,,,,,,,,,,,,,,,,,
,,,,,,,,,,,,,,,,,,
,,,,,,,,,,,,,,,,,,
,,,,,,,,,,,,,,,,,,
,,,,,,,,,,,,,,,,,,
,,,,,,,,,,,,,,,,,,
,,,,,,,,,,,,,,,,,,
,,,,,,,,,,,,,,,,,,
,,,,,,,,,,,,,,,,,,
,,,,,,,,,,,,,,,,,,
,,,,,,,,,,,,,,,,,,
,,,,,,,,,,,,,,,,,,
,,,,,,,,,,,,,,,,,,
,,,,,,,,,,,,,,,,,,
,,,,,,,,,,,,,,,,,,
,,,,,,,,,,,,,,,,,,
,,,,,,,,,,,,,,,,,,
,,,,,,,,,,,,,,,,,,
,,,,,,,,,,,,,,,,,,
,,,,,,,,,,,,,,,,,,
,,,,,,,,,,,,,,,,,,
,,,,,,,,,,,,,,,,,,
,,,,,,,,,,,,,,,,,,
,,,,,,,,,,,,,,,,,,
,,,,,,,,,,,,,,,,,,
,,,,,,,,,,,,,,,,,,
,,,,,,,,,,,,,,,,,,
,,,,,,,,,,,,,,,,,,
,,,,,,,,,,,,,,,,,,
,,,,,,,,,,,,,,,,,,
,,,,,,,,,,,,,,,,,,
,,,,,,,,,,,,,,,,,,
,,,,,,,,,,,,,,,,,,
,,,,,,,,,,,,,,,,,,
,,,,,,,,,,,,,,,,,,
,,,,,,,,,,,,,,,,,,
,,,,,,,,,,,,,,,,,,
,,,,,,,,,,,,,,,,,,
,,,,,,,,,,,,,,,,,,
,,,,,,,,,,,,,,,,,,
,,,,,,,,,,,,,,,,,,
,,,,,,,,,,,,,,,,,,
,,,,,,,,,,,,,,,,,,
,,,,,,,,,,,,,,,,,,
,,,,,,,,,,,,,,,,,,
,,,,,,,,,,,,,,,,,,
,,,,,,,,,,,,,,,,,,
,,,,,,,,,,,,,,,,,,
,,,,,,,,,,,,,,,,,,
,,,,,,,,,,,,,,,,,,
,,,,,,,,,,,,,,,,,,
,,,,,,,,,,,,,,,,,,
,,,,,,,,,,,,,,,,,,
,,,,,,,,,,,,,,,,,,
,,,,,,,,,,,,,,,,,,
,,,,,,,,,,,,,,,,,,
,,,,,,,,,,,,,,,,,,
,,,,,,,,,,,,,,,,,,
,,,,,,,,,,,,,,,,,,
,,,,,,,,,,,,,,,,,,
,,,,,,,,,,,,,,,,,,
,,,,,,,,,,,,,,,,,,
,,,,,,,,,,,,,,,,,,
,,,,,,,,,,,,,,,,,,
,,,,,,,,,,,,,,,,,,
,,,,,,,,,,,,,,,,,,
,,,,,,,,,,,,,,,,,,
,,,,,,,,,,,,,,,,,,
,,,,,,,,,,,,,,,,,,
,,,,,,,,,,,,,,,,,,
,,,,,,,,,,,,,,,,,,
,,,,,,,,,,,,,,,,,,
,,,,,,,,,,,,,,,,,,
,,,,,,,,,,,,,,,,,,
,,,,,,,,,,,,,,,,,,
,,,,,,,,,,,,,,,,,,
,,,,,,,,,,,,,,,,,,
,,,,,,,,,,,,,,,,,,
,,,,,,,,,,,,,,,,,,
,,,,,,,,,,,,,,,,,,
,,,,,,,,,,,,,,,,,,
,,,,,,,,,,,,,,,,,,
,,,,,,,,,,,,,,,,,,
,,,,,,,,,,,,,,,,,,
,,,,,,,,,,,,,,,,,,
,,,,,,,,,,,,,,,,,,
,,,,,,,,,,,,,,,,,,
,,,,,,,,,,,,,,,,,,
,,,,,,,,,,,,,,,,,,
,,,,,,,,,,,,,,,,,,
,,,,,,,,,,,,,,,,,,
,,,,,,,,,,,,,,,,,,
,,,,,,,,,,,,,,,,,,
,,,,,,,,,,,,,,,,,,
,,,,,,,,,,,,,,,,,,
,,,,,,,,,,,,,,,,,,
,,,,,,,,,,,,,,,,,,
,,,,,,,,,,,,,,,,,,
,,,,,,,,,,,,,,,,,,
,,,,,,,,,,,,,,,,,,
,,,,,,,,,,,,,,,,,,
,,,,,,,,,,,,,,,,,,
,,,,,,,,,,,,,,,,,,
,,,,,,,,,,,,,,,,,,
,,,,,,,,,,,,,,,,,,
,,,,,,,,,,,,,,,,,,
,,,,,,,,,,,,,,,,,,
,,,,,,,,,,,,,,,,,,
,,,,,,,,,,,,,,,,,,
,,,,,,,,,,,,,,,,,,
,,,,,,,,,,,,,,,,,,
,,,,,,,,,,,,,,,,,,
,,,,,,,,,,,,,,,,,,
,,,,,,,,,,,,,,,,,,
,,,,,,,,,,,,,,,,,,
,,,,,,,,,,,,,,,,,,
,,,,,,,,,,,,,,,,,,
,,,,,,,,,,,,,,,,,,
,,,,,,,,,,,,,,,,,,
,,,,,,,,,,,,,,,,,,
,,,,,,,,,,,,,,,,,,
,,,,,,,,,,,,,,,,,,
,,,,,,,,,,,,,,,,,,
,,,,,,,,,,,,,,,,,,
,,,,,,,,,,,,,,,,,,
,,,,,,,,,,,,,,,,,,
,,,,,,,,,,,,,,,,,,
,,,,,,,,,,,,,,,,,,
,,,,,,,,,,,,,,,,,,
,,,,,,,,,,,,,,,,,,
,,,,,,,,,,,,,,,,,,
,,,,,,,,,,,,,,,,,,
,,,,,,,,,,,,,,,,,,
,,,,,,,,,,,,,,,,,,
,,,,,,,,,,,,,,,,,,
,,,,,,,,,,,,,,,,,,
,,,,,,,,,,,,,,,,,,
,,,,,,,,,,,,,,,,,,
,,,,,,,,,,,,,,,,,,
,,,,,,,,,,,,,,,,,,
,,,,,,,,,,,,,,,,,,
,,,,,,,,,,,,,,,,,,
,,,,,,,,,,,,,,,,,,
,,,,,,,,,,,,,,,,,,
,,,,,,,,,,,,,,,,,,
,,,,,,,,,,,,,,,,,,
,,,,,,,,,,,,,,,,,,
,,,,,,,,,,,,,,,,,,
,,,,,,,,,,,,,,,,,,
,,,,,,,,,,,,,,,,,,
,,,,,,,,,,,,,,,,,,
,,,,,,,,,,,,,,,,,,
,,,,,,,,,,,,,,,,,,
,,,,,,,,,,,,,,,,,,
,,,,,,,,,,,,,,,,,,
,,,,,,,,,,,,,,,,,,
,,,,,,,,,,,,,,,,,,
,,,,,,,,,,,,,,,,,,
,,,,,,,,,,,,,,,,,,
,,,,,,,,,,,,,,,,,,
,,,,,,,,,,,,,,,,,,
,,,,,,,,,,,,,,,,,,
,,,,,,,,,,,,,,,,,,
,,,,,,,,,,,,,,,,,,
,,,,,,,,,,,,,,,,,,
,,,,,,,,,,,,,,,,,,
,,,,,,,,,,,,,,,,,,
,,,,,,,,,,,,,,,,,,
,,,,,,,,,,,,,,,,,,
,,,,,,,,,,,,,,,,,,
,,,,,,,,,,,,,,,,,,
,,,,,,,,,,,,,,,,,,
,,,,,,,,,,,,,,,,,,
,,,,,,,,,,,,,,,,,,
,,,,,,,,,,,,,,,,,,
,,,,,,,,,,,,,,,,,,
,,,,,,,,,,,,,,,,,,
,,,,,,,,,,,,,,,,,,
,,,,,,,,,,,,,,,,,,
,,,,,,,,,,,,,,,,,,
,,,,,,,,,,,,,,,,,,
,,,,,,,,,,,,,,,,,,
,,,,,,,,,,,,,,,,,,
,,,,,,,,,,,,,,,,,,
,,,,,,,,,,,,,,,,,,
,,,,,,,,,,,,,,,,,,
,,,,,,,,,,,,,,,,,,
,,,,,,,,,,,,,,,,,,
,,,,,,,,,,,,,,,,,,
,,,,,,,,,,,,,,,,,,
,,,,,,,,,,,,,,,,,,
,,,,,,,,,,,,,,,,,,
,,,,,,,,,,,,,,,,,,
,,,,,,,,,,,,,,,,,,
,,,,,,,,,,,,,,,,,,
,,,,,,,,,,,,,,,,,,
,,,,,,,,,,,,,,,,,,
,,,,,,,,,,,,,,,,,,
,,,,,,,,,,,,,,,,,,
,,,,,,,,,,,,,,,,,,
,,,,,,,,,,,,,,,,,,
,,,,,,,,,,,,,,,,,,
,,,,,,,,,,,,,,,,,,
,,,,,,,,,,,,,,,,,,
,,,,,,,,,,,,,,,,,,
,,,,,,,,,,,,,,,,,,
,,,,,,,,,,,,,,,,,,
,,,,,,,,,,,,,,,,,,
,,,,,,,,,,,,,,,,,,
,,,,,,,,,,,,,,,,,,
,,,,,,,,,,,,,,,,,,
,,,,,,,,,,,,,,,,,,
,,,,,,,,,,,,,,,,,,
,,,,,,,,,,,,,,,,,,
,,,,,,,,,,,,,,,,,,
,,,,,,,,,,,,,,,,,,
,,,,,,,,,,,,,,,,,,
,,,,,,,,,,,,,,,,,,
,,,,,,,,,,,,,,,,,,
,,,,,,,,,,,,,,,,,,
,,,,,,,,,,,,,,,,,,
,,,,,,,,,,,,,,,,,,
,,,,,,,,,,,,,,,,,,
,,,,,,,,,,,,,,,,,,
,,,,,,,,,,,,,,,,,,
,,,,,,,,,,,,,,,,,,
,,,,,,,,,,,,,,,,,,
,,,,,,,,,,,,,,,,,,
,,,,,,,,,,,,,,,,,,
,,,,,,,,,,,,,,,,,,
,,,,,,,,,,,,,,,,,,
,,,,,,,,,,,,,,,,,,
,,,,,,,,,,,,,,,,,,
,,,,,,,,,,,,,,,,,,
,,,,,,,,,,,,,,,,,,
,,,,,,,,,,,,,,,,,,
,,,,,,,,,,,,,,,,,,
,,,,,,,,,,,,,,,,,,
,,,,,,,,,,,,,,,,,,
,,,,,,,,,,,,,,,,,,
,,,,,,,,,,,,,,,,,,
,,,,,,,,,,,,,,,,,,
,,,,,,,,,,,,,,,,,,
,,,,,,,,,,,,,,,,,,
,,,,,,,,,,,,,,,,,,
,,,,,,,,,,,,,,,,,,
,,,,,,,,,,,,,,,,,,
,,,,,,,,,,,,,,,,,,
,,,,,,,,,,,,,,,,,,
,,,,,,,,,,,,,,,,,,
,,,,,,,,,,,,,,,,,,
,,,,,,,,,,,,,,,,,,
,,,,,,,,,,,,,,,,,,
,,,,,,,,,,,,,,,,,,
,,,,,,,,,,,,,,,,,,
,,,,,,,,,,,,,,,,,,
,,,,,,,,,,,,,,,,,,
,,,,,,,,,,,,,,,,,,
,,,,,,,,,,,,,,,,,,
,,,,,,,,,,,,,,,,,,
,,,,,,,,,,,,,,,,,,
,,,,,,,,,,,,,,,,,,
,,,,,,,,,,,,,,,,,,
,,,,,,,,,,,,,,,,,,
,,,,,,,,,,,,,,,,,,
,,,,,,,,,,,,,,,,,,
,,,,,,,,,,,,,,,,,,
,,,,,,,,,,,,,,,,,,
,,,,,,,,,,,,,,,,,,
,,,,,,,,,,,,,,,,,,
,,,,,,,,,,,,,,,,,,
,,,,,,,,,,,,,,,,,,
,,,,,,,,,,,,,,,,,,
,,,,,,,,,,,,,,,,,,
,,,,,,,,,,,,,,,,,,
,,,,,,,,,,,,,,,,,,
,,,,,,,,,,,,,,,,,,
,,,,,,,,,,,,,,,,,,
,,,,,,,,,,,,,,,,,,
,,,,,,,,,,,,,,,,,,
,,,,,,,,,,,,,,,,,,
,,,,,,,,,,,,,,,,,,
,,,,,,,,,,,,,,,,,,
,,,,,,,,,,,,,,,,,,
,,,,,,,,,,,,,,,,,,
,,,,,,,,,,,,,,,,,,
,,,,,,,,,,,,,,,,,,
,,,,,,,,,,,,,,,,,,
,,,,,,,,,,,,,,,,,,
,,,,,,,,,,,,,,,,,,
,,,,,,,,,,,,,,,,,,
,,,,,,,,,,,,,,,,,,
,,,,,,,,,,,,,,,,,,
,,,,,,,,,,,,,,,,,,
,,,,,,,,,,,,,,,,,,
,,,,,,,,,,,,,,,,,,
,,,,,,,,,,,,,,,,,,
,,,,,,,,,,,,,,,,,,
,,,,,,,,,,,,,,,,,,
,,,,,,,,,,,,,,,,,,
,,,,,,,,,,,,,,,,,,
,,,,,,,,,,,,,,,,,,
,,,,,,,,,,,,,,,,,,
,,,,,,,,,,,,,,,,,,
,,,,,,,,,,,,,,,,,,
,,,,,,,,,,,,,,,,,,
,,,,,,,,,,,,,,,,,,
,,,,,,,,,,,,,,,,,,
,,,,,,,,,,,,,,,,,,
,,,,,,,,,,,,,,,,,,
,,,,,,,,,,,,,,,,,,
,,,,,,,,,,,,,,,,,,
,,,,,,,,,,,,,,,,,,
,,,,,,,,,,,,,,,,,,
,,,,,,,,,,,,,,,,,,
,,,,,,,,,,,,,,,,,,
,,,,,,,,,,,,,,,,,,
,,,,,,,,,,,,,,,,,,
,,,,,,,,,,,,,,,,,,
,,,,,,,,,,,,,,,,,,
,,,,,,,,,,,,,,,,,,
,,,,,,,,,,,,,,,,,,
,,,,,,,,,,,,,,,,,,
,,,,,,,,,,,,,,,,,,
,,,,,,,,,,,,,,,,,,
,,,,,,,,,,,,,,,,,,
,,,,,,,,,,,,,,,,,,
,,,,,,,,,,,,,,,,,,
,,,,,,,,,,,,,,,,,,
,,,,,,,,,,,,,,,,,,
,,,,,,,,,,,,,,,,,,
,,,,,,,,,,,,,,,,,,
,,,,,,,,,,,,,,,,,,
,,,,,,,,,,,,,,,,,,
,,,,,,,,,,,,,,,,,,
,,,,,,,,,,,,,,,,,,
,,,,,,,,,,,,,,,,,,
,,,,,,,,,,,,,,,,,,
,,,,,,,,,,,,,,,,,,
,,,,,,,,,,,,,,,,,,
,,,,,,,,,,,,,,,,,,
,,,,,,,,,,,,,,,,,,
,,,,,,,,,,,,,,,,,,
,,,,,,,,,,,,,,,,,,
,,,,,,,,,,,,,,,,,,
,,,,,,,,,,,,,,,,,,
,,,,,,,,,,,,,,,,,,
,,,,,,,,,,,,,,,,,,
,,,,,,,,,,,,,,,,,,
,,,,,,,,,,,,,,,,,,
,,,,,,,,,,,,,,,,,,
,,,,,,,,,,,,,,,,,,
,,,,,,,,,,,,,,,,,,
,,,,,,,,,,,,,,,,,,
,,,,,,,,,,,,,,,,,,
,,,,,,,,,,,,,,,,,,
,,,,,,,,,,,,,,,,,,
,,,,,,,,,,,,,,,,,,
,,,,,,,,,,,,,,,,,,
,,,,,,,,,,,,,,,,,,
,,,,,,,,,,,,,,,,,,
,,,,,,,,,,,,,,,,,,
,,,,,,,,,,,,,,,,,,
,,,,,,,,,,,,,,,,,,
,,,,,,,,,,,,,,,,,,
,,,,,,,,,,,,,,,,,,
,,,,,,,,,,,,,,,,,,
,,,,,,,,,,,,,,,,,,
,,,,,,,,,,,,,,,,,,
,,,,,,,,,,,,,,,,,,
,,,,,,,,,,,,,,,,,,
,,,,,,,,,,,,,,,,,,
,,,,,,,,,,,,,,,,,,
,,,,,,,,,,,,,,,,,,
,,,,,,,,,,,,,,,,,,
,,,,,,,,,,,,,,,,,,
,,,,,,,,,,,,,,,,,,
,,,,,,,,,,,,,,,,,,
,,,,,,,,,,,,,,,,,,
,,,,,,,,,,,,,,,,,,
,,,,,,,,,,,,,,,,,,
,,,,,,,,,,,,,,,,,,
,,,,,,,,,,,,,,,,,,
,,,,,,,,,,,,,,,,,,
,,,,,,,,,,,,,,,,,,
,,,,,,,,,,,,,,,,,,
,,,,,,,,,,,,,,,,,,
,,,,,,,,,,,,,,,,,,
,,,,,,,,,,,,,,,,,,
,,,,,,,,,,,,,,,,,,
,,,,,,,,,,,,,,,,,,
,,,,,,,,,,,,,,,,,,
,,,,,,,,,,,,,,,,,,
,,,,,,,,,,,,,,,,,,
,,,,,,,,,,,,,,,,,,
,,,,,,,,,,,,,,,,,,
,,,,,,,,,,,,,,,,,,
,,,,,,,,,,,,,,,,,,
,,,,,,,,,,,,,,,,,,
,,,,,,,,,,,,,,,,,,
,,,,,,,,,,,,,,,,,,
,,,,,,,,,,,,,,,,,,
,,,,,,,,,,,,,,,,,,
,,,,,,,,,,,,,,,,,,
,,,,,,,,,,,,,,,,,,
,,,,,,,,,,,,,,,,,,
,,,,,,,,,,,,,,,,,,
,,,,,,,,,,,,,,,,,,
,,,,,,,,,,,,,,,,,,
,,,,,,,,,,,,,,,,,,
,,,,,,,,,,,,,,,,,,
,,,,,,,,,,,,,,,,,,
,,,,,,,,,,,,,,,,,,
